order_id,customer_state,product_category_name,price,freight_value,delay_days,review_score,is_late
02b63408e665194f2794a94576001e56,SP,esporte_lazer,189.9,49.85,-10.0,5.0,0
03d7f508a18d76f89489c40b7008f7e4,RJ,beleza_saude,180.0,8.29,-7.0,5.0,0
04464191f1b76f60684eac5609f3bdda,SP,relogios_presentes,478.0,12.1,-5.0,4.0,0
05c63e6b53127320a7768d19898ac320,DF,utilidades_domesticas,69.9,16.74,,1.0,0
070a76f4c338fe3cda93745a22e51270,RS,relogios_presentes,49.0,15.1,-23.0,5.0,0
071251fe3b3493294536f03737a8a679,SP,ferramentas_jardim,12.49,15.1,-13.0,3.0,0
0a0b0479c9e05814f250c7bea5b1a95c,SC,perfumaria,119.5,17.77,-25.0,5.0,0
0e1168df285cd6d3ceff240eb59c0776,SP,cool_stuff,22.9,8.27,-12.0,4.0,0
11200294ab90161f54f7effdea8d9466,SP,cama_mesa_banho,89.9,13.65,-22.0,5.0,0
149d32ba42826835e09c375b8a1fa923,RJ,informatica_acessorios,82.0,17.01,16.0,1.0,1
186f042cdce95c754951633686eb1dc5,MS,ferramentas_jardim,34.9,16.05,-20.0,3.0,0
192799f07e375d72c4437c3a1bf074e9,SP,ferramentas_jardim,49.9,20.99,-8.0,5.0,0
1bb0235977da74346734b2f9a3a1d7ae,RS,beleza_saude,104.49,15.48,8.0,1.0,1
1cd0a2330def1be519e011cc6ef20db4,PE,esporte_lazer,25.9,25.63,-21.0,5.0,0
1d640f23dd5922c443a96b7caf168229,SP,utilidades_domesticas,59.9,14.13,-9.0,4.0,0
20662ff76e857a011a9f64039d541dab,PR,telefonia,19.95,15.1,-8.0,2.0,0
223be4c8588a9c2a4957d1f36b1dd632,SP,construcao_ferramentas_construcao,109.0,8.51,-8.0,5.0,0
2537dc25ebd836a44792c49ab1914c7d,MG,cool_stuff,890.0,22.54,-23.0,,0
274f33c3b4d5612a37e3a223a2d9bc5a,PR,construcao_ferramentas_iluminacao,326.0,84.52,-13.0,5.0,0
2833a586d04517b0c18e17c24ae684c3,BA,telefonia,259.99,22.09,-19.0,4.0,0
293e34b72465ae7478f59d4d0b3e58ba,PR,eletronicos,18.9,13.47,-8.0,4.0,0
2a02dbd2e676fcfb7ee4d2bffdc4b378,MG,perfumaria,79.99,15.38,-15.0,5.0,0
2c7fa9ba8159b3183ee63a7ac9148038,SP,construcao_ferramentas_construcao,32.0,8.27,-9.0,1.0,0
2d5adcccaa6ce21103988fcb96940e78,MG,cama_mesa_banho,21.99,18.23,-6.0,5.0,0
2d8b7efa1e3e13012f43533582104eae,MG,informatica_acessorios,54.85,13.5,-11.0,5.0,0
2e34c4ee86e4ace97b31109afa1f2bb0,SP,brinquedos,106.8,9.66,-11.0,4.0,0
2fa183e49c2092ebf306bfd2f6ce9378,RJ,eletrodomesticos_2,626.0,28.78,-19.0,4.0,0
306151d434933050d958f0db23e970a7,SP,,20.3,8.11,-7.0,5.0,0
309b9de8813533826a3005f94bee92b9,SC,moveis_decoracao,71.9,13.26,-19.0,1.0,0
31116b5bedeace2fc1202e1e5288be14,RJ,relogios_presentes,146.0,15.77,-15.0,5.0,0
312a57661e067d44df1a3aa93b583a36,RS,telefonia,49.99,15.1,-22.0,1.0,0
35d67b8fff86c1b281f87c1d454fe49a,MG,casa_conforto,269.0,22.72,-8.0,5.0,0
378d1ac3d8e22dd46990757398ae8500,SP,alimentos_bebidas,29.99,12.87,0.0,4.0,0
38006c12e16c03c74e2eb3113e238e5f,SP,eletrodomesticos,10.0,7.87,-7.0,5.0,0
3a28b975c176565c52fc1af2b84197cf,SP,cama_mesa_banho,119.9,13.86,-11.0,5.0,0
3b2285d4d80f742f34cc959e041722a9,DF,casa_conforto,86.9,2.1,-16.0,4.0,0
3b5adf4fe00431f64c9a4dcdf9d6792b,SP,malas_acessorios,99.9,13.04,-14.0,5.0,0
3b64ff25a4610fb5599e4fd09f907501,SP,automotivo,143.8,18.3,-21.0,5.0,0
3e341725cddb1523a88a68e64d7ce0cf,SP,eletronicos,39.9,8.88,5.0,5.0,1
3e8a5d740a1e7db9eb5bdc6262644e88,RJ,cama_mesa_banho,35.99,16.6,-13.0,5.0,0
41d85a7a138b7205e32211537623eed3,SP,cama_mesa_banho,119.9,33.92,-8.0,5.0,0
432b5f7e5eb54872aace60c4313c52d8,RJ,esporte_lazer,135.0,23.53,-34.0,4.0,0
43f4557e2a514edbbd692027ca5cf280,BA,utilidades_domesticas,89.99,19.87,-13.0,5.0,0
46153df2944df735995bdec2866074fe,SP,ferramentas_jardim,53.9,14.47,-6.0,4.0,0
4618b886260f174ba97bd9a7b81b01a5,MT,esporte_lazer,35.9,16.79,-14.0,5.0,0
466d522fb7208d4e9df25324ed81dd7c,BA,cool_stuff,31.99,17.15,-11.0,5.0,0
46795c1677a7a4a3d2f8687940051b57,SP,esporte_lazer,25.9,7.78,-5.0,5.0,0
497463bc831a82dc0db5cdbb85c3a33b,SP,informatica_acessorios,63.0,7.78,-7.0,3.0,0
4a185cdda75ec3cc9261553a59e7cfc7,PA,informatica_acessorios,149.9,25.18,-20.0,4.0,0
4a2a03eba693b69ec224283b56ee486e,SP,ferramentas_jardim,99.0,13.25,-7.0,5.0,0
4b2d035932915aa9c2a0d4d84cd6d3b0,SP,eletronicos,179.0,8.51,-10.0,4.0,0
4ca31d816ef051b337c5b2ecdbd58b77,RJ,automotivo,27.9,18.3,-19.0,5.0,0
4d5f4d9f45924156c57a69d5ef886822,SP,ferramentas_jardim,319.9,22.28,-14.0,4.0,0
4ed72b48d55c5cb2ad3a63f2b96dca12,RJ,cool_stuff,169.97,16.63,-18.0,5.0,0
4f08325d27e2eb6a5a4c5f4f94e59e07,SP,cama_mesa_banho,25.5,7.87,-10.0,5.0,0
5017c6fe52a9453dfd3bf1327ed588da,SC,casa_construcao,113.85,19.77,-14.0,5.0,0
5124d1910fba5bcf45b9372eb874fe2d,RS,eletronicos,12.9,15.23,-18.0,5.0,0
538e58df1e2da6715870a4cbb42a1b4e,SP,utilidades_domesticas,14.99,12.48,-21.0,3.0,0
54174fa08b3ff11848811d5d92993892,SP,esporte_lazer,99.0,16.32,-6.0,4.0,0
54f3086920092b6c1d80c5db5361e937,GO,perfumaria,193.5,19.23,-11.0,5.0,0
54fb6d834ad868ddda6fd4562d4be5a2,SP,beleza_saude,99.99,13.36,-23.0,4.0,0
5528a3c9850e07ac5eeea39f275d6c5e,RJ,cama_mesa_banho,77.0,15.69,-6.0,5.0,0
583d26399c28234b68343e4ec352842a,SP,esporte_lazer,40.5,19.32,-38.0,5.0,0
58c5215132c75e7d8226faaf2fab73a2,RJ,automotivo,890.0,24.8,-11.0,5.0,0
5bd06bab48e0423fc35d1c236d48a6bb,PE,beleza_saude,760.0,84.52,-15.0,5.0,0
5ce6115708c300fbcc79f7886d0163ec,SP,automotivo,49.9,16.54,-11.0,4.0,0
5d8d5f0c825880c16968246b192e6899,MG,informatica_acessorios,38.9,12.48,-17.0,4.0,0
5dc269b7c4dce1624653e914a1b739f5,SP,market_place,77.08,11.15,-28.0,3.0,0
5f2ca185b50a74d71d7db083f0d11b4b,RS,fashion_bolsas_e_acessorios,59.99,19.39,-38.0,3.0,0
5feed08e8f66735ba71592e68d15a602,SP,beleza_saude,89.9,15.39,-14.0,5.0,0
600d041553eb72147b8e475e08156864,RJ,moveis_decoracao,135.0,27.03,-6.0,4.0,0
60ddc3cf31819e316702f9ede42e26c7,SP,utilidades_domesticas,84.99,14.36,-6.0,5.0,0
613b2933438814ff0903ebcd42046b7a,SP,esporte_lazer,79.0,9.37,-10.0,5.0,0
61bf64d7b02245b6f59f471a6ca6ded7,SP,beleza_saude,14.49,7.87,-15.0,5.0,0
61d430273ff1e88f2944acb53e99eab5,BA,cool_stuff,169.99,22.29,-1.0,4.0,0
62e27d060f7d7b3d2fd424b0e1d7adaa,RJ,moveis_decoracao,90.0,18.51,-16.0,5.0,0
6675422f9d49e8525401bd2a643110b5,SC,ferramentas_jardim,110.0,40.99,-35.0,5.0,0
67f98e9ec7d20b6e39c806909565213c,SP,informatica_acessorios,39.9,12.79,,1.0,0
693f8bb47e6135ecad76616fa2596a05,PB,eletronicos,169.99,53.54,-9.0,4.0,0
69f7357c456d8072ad6671becb0f55a5,SP,papelaria,99.0,18.27,1.0,5.0,1
6db98cef3c7058f05f604483aadd2f14,SE,ferramentas_jardim,49.9,37.9,-21.0,4.0,0
7056ed3b6f11b379db7915d1f6a69ad9,RJ,utilidades_domesticas,19.9,18.23,-16.0,5.0,0
706f426a3e276fbc171e2d3aafbf2e1a,SP,moveis_decoracao,49.0,19.32,-15.0,5.0,0
7146225dc080fb528c5c9571a11feca5,SP,utilidades_domesticas,43.0,21.18,-22.0,5.0,0
72720cd963d6632b6d378ca9baca8963,DF,brinquedos,49.0,19.32,-19.0,1.0,0
72d78d466fc73ada5f9cc332c9beeedc,SP,brinquedos,89.99,17.54,-9.0,1.0,0
7743b506a4c2e87e3f5af919334ea71a,RJ,ferramentas_jardim,179.99,45.72,-13.0,5.0,0
779f3890fa0528852a6d4c46cd5772cc,MG,informatica_acessorios,35.99,15.1,-16.0,3.0,0
78275af5c9a2f3d0e1d19f9f4bc62922,SP,malas_acessorios,79.99,9.31,-2.0,5.0,0
78d1ad5b65aecc8f61c0fab7b28e8281,SP,moveis_quarto,99.9,27.25,-13.0,4.0,0
7a7375f58149053d599aae579288fd96,SP,utilidades_domesticas,379.9,68.61,7.0,1.0,1
7aaf9c17ae408e7a639faf0623c5cc73,SP,telefonia,12.99,7.39,-8.0,2.0,0
7abe0cad12e4aec0091551e7153275d3,MS,utilidades_domesticas,128.0,84.52,2.0,4.0,1
7caa2aaed7e9a56d1bc1004eb7d296e5,SP,bebes,144.97,9.18,-5.0,5.0,0
7cd0da49ecd223041fb8f6f8de488314,MG,bebes,50.0,17.6,-18.0,4.0,0
80b9515e62b3dcb4da3c324967e6af86,SP,utilidades_domesticas,29.9,9.34,-8.0,5.0,0
835dcecf534791041554b984434d72a0,RJ,utilidades_domesticas,94.9,15.36,-13.0,5.0,0
83b2d648943450c9ec62dea697e60c4d,MT,informatica_acessorios,149.99,57.28,-13.0,4.0,0
8444b7e4c41755b890c97056b19e4713,SP,fashion_bolsas_e_acessorios,24.9,15.1,-12.0,4.0,0
85ed4ea9966969e844099fe5304f586b,SP,relogios_presentes,35.0,7.78,-12.0,5.0,0
882554ccc6f6b9d99fcab37ef645ed14,RJ,relogios_presentes,510.0,19.76,-19.0,5.0,0
882d0ad1f2cb3bb80acfb9e6667be1a7,MG,esporte_lazer,279.99,19.21,-9.0,4.0,0
8a73d5c259820a920b0a1bdd8dbaa6af,MG,beleza_saude,29.99,18.23,8.0,1.0,1
8c43035f1afa3fca88c0514d32ff70f7,SP,ferramentas_jardim,59.9,13.44,-14.0,5.0,0
8d29abe41d9157240194d0210b529771,SP,esporte_lazer,59.9,16.18,-15.0,4.0,0
901735bbff3acab049ea1854fe0932ce,CE,cama_mesa_banho,39.99,19.63,-8.0,5.0,0
9142a3c29501af1e90aa7eea2a6949b3,MG,informatica_acessorios,115.52,18.38,-1.0,5.0,0
93aa3771306828f17309cce989a90e5f,RJ,fashion_bolsas_e_acessorios,55.3,15.14,37.0,1.0,1
940f98f306f127ddd621e4a991e03478,BA,cama_mesa_banho,89.9,17.07,-19.0,5.0,0
9725871b2a067d972355980be11e7d1d,SP,cool_stuff,119.99,12.04,-6.0,5.0,0
9aba484676dd70457681a3301c222d9f,SP,beleza_saude,95.0,7.53,-8.0,5.0,0
9c31d604522ef4fd8e0bba68aa3214a1,RJ,papelaria,39.99,18.23,11.0,1.0,1
9d293efd4c6752aacbe03668f1d197e8,SP,automotivo,89.9,13.65,-10.0,5.0,0
9dabd200c58f609f380ecd1e44898086,SP,cool_stuff,238.0,22.97,-22.0,4.0,0
9e51155c4d15c5f62e0b309826c25a02,RJ,ferramentas_jardim,49.0,17.64,-2.0,5.0,0
a11cd01ac67beef7e8bf09740d8a35c1,SP,esporte_lazer,39.9,11.74,-7.0,3.0,0
a27544b4fea081b6353b05318c2d7944,SP,ferramentas_jardim,53.9,14.47,-4.0,4.0,0
a483ffe0ce133740ab12ebcba8a3ccf9,SP,informatica_acessorios,109.89,13.11,-12.0,1.0,0
a57913442118de617c1687f936b0a986,SP,cool_stuff,214.99,17.13,-10.0,5.0,0
a589a29e4907819c966a0c4840b41ccc,SP,ferramentas_jardim,89.0,36.7,-17.0,5.0,0
a6264125a9c50827b115847d47c73a13,MG,ferramentas_jardim,59.9,17.67,-14.0,5.0,0
a63a3d3aceb23878150f9186b9bed935,RJ,cama_mesa_banho,89.0,29.18,-17.0,5.0,0
a8a52afd408a3023bafcd9ed3c0d2e15,SP,pcs,890.0,38.51,-11.0,5.0,0
a92c76269cd2be64008c82c84d6e5d48,RJ,moveis_decoracao,89.9,16.39,-14.0,5.0,0
aa240e84341dc3a58a69fdaa1c0b927c,SP,relogios_presentes,78.0,7.81,-3.0,5.0,0
aa3a8549b44bdf1c12309c0f439f9964,RJ,beleza_saude,19.9,15.1,-15.0,5.0,0
ab260012c90cd3ee59bb8d18b97b851a,SP,eletroportateis,89.59,9.44,-12.0,5.0,0
ab5048879a15f9f713725c37c5eb43ef,SC,cama_mesa_banho,398.99,84.1,-7.0,5.0,0
ace40bfbb1899962a31befa39dd5045c,RJ,esporte_lazer,55.9,18.67,-14.0,5.0,0
ad0d46c22c5a9dd2699f5142b1882f5f,SP,beleza_saude,54.99,18.81,-24.0,3.0,0
ad3c2d0868f09cf3bfcf3c5277cb8c95,SP,esporte_lazer,46.9,14.1,-15.0,5.0,0
ae58081c0be4ca730f53473f8f5d5df7,SP,telefonia,19.9,7.39,-12.0,5.0,0
af74613502131dd6a43380df619a57ab,PA,esporte_lazer,69.9,32.94,-19.0,5.0,0
b0d65843c6f571427a85638c3cf35194,MG,informatica_acessorios,30.21,17.6,-13.0,3.0,0
b266fc1224f5d4b3ea5c8ac9ffaec15e,SP,sinalizacao_e_seguranca,340.0,28.68,-20.0,1.0,0
b2c1c7db95834595977330e8c8dd7766,MG,beleza_saude,97.9,20.77,-14.0,5.0,0
b2c336b44ecbf140c6eb570121e4d7e9,PE,informatica_acessorios,396.0,21.31,-20.0,5.0,0
b69757ea131affc405c02bb3b04e9a69,SP,cama_mesa_banho,64.9,8.17,-13.0,5.0,0
b890678ef6e89550a3a5bc432c3ce744,RJ,esporte_lazer,79.9,16.32,-3.0,4.0,0
b8dbf67f537e4897a9d5d6569fd7ea01,MS,brinquedos,199.99,24.55,-11.0,3.0,0
b8ef769a959add8d51bf27fad025d316,MG,informatica_acessorios,47.0,13.37,-17.0,5.0,0
b95abf4aa5b57ad7551356eca72b53fe,MG,moveis_decoracao,38.4,15.11,-14.0,5.0,0
bbcdbcca11edb13b2755983593cd7b5b,MG,utilidades_domesticas,138.0,18.63,-5.0,5.0,0
bc659b259306be889d0321cb368b7cdc,PB,relogios_presentes,579.0,60.6,-3.0,5.0,0
bf0b6e46855aa361a0dab877c439ef93,SP,cama_mesa_banho,29.99,11.85,-14.0,3.0,0
c0c9eba73d421ff348cf87bd24ca5609,SP,informatica_acessorios,70.0,15.37,-1.0,5.0,0
c157dbddbf8cf9a086acf9ef8eb8cf92,MG,eletronicos,19.9,16.79,-16.0,5.0,0
c27c10569c789ec6293df7ef9f4caaa1,MG,moveis_escritorio,89.96,26.13,-21.0,4.0,0
c28c74ee5fb4a731178895058c0de619,MT,beleza_saude,119.9,37.53,-5.0,4.0,0
c50ed2bf9927ae7e870560f6fb8894ed,SC,brinquedos,689.9,84.52,-5.0,1.0,0
c566fd2719c6f9e102a841c474cb490c,RJ,cama_mesa_banho,74.8,15.69,-15.0,5.0,0
c8c0e74f5426e74b812efe05eaab11a6,PR,beleza_saude,199.89,16.28,-23.0,5.0,0
c94206a6d6698d5852b7e9e14bdc2e79,SP,beleza_saude,29.89,7.47,-6.0,5.0,0
ce101c122a22608be5d6ba81b4a08080,RJ,beleza_saude,29.9,18.31,-5.0,4.0,0
cee3292f46ede6ea1dfabfcb200fcf47,SP,moveis_escritorio,69.99,23.2,-14.0,5.0,0
cf0dded3953c720dae956498ff3b0376,RJ,cama_mesa_banho,98.99,20.77,-13.0,5.0,0
cfbc5b076b3dfaa511da98f51aa5562e,PI,informatica_acessorios,130.0,38.46,-21.0,5.0,0
d0375554c3dba35f2633a701e75dd183,SP,telefonia,29.99,7.78,-6.0,5.0,0
d11450f714cbee2ff7df6b663fb79781,MS,bebes,29.99,17.6,-8.0,4.0,0
d1ee985bf7378b46fd1058b35c8132da,BA,eletronicos,96.58,22.61,-31.0,5.0,0
d1f065890107e588fc08c57d20610f6b,PR,relogios_presentes,105.0,19.7,-10.0,1.0,0
d2f6de2ff8b1a8a061b5e9af878ca86d,SP,moveis_decoracao,99.9,20.19,-19.0,5.0,0
d430c6c36d198f044555a51a5cbd4e68,AL,relogios_presentes,78.25,34.35,,4.0,0
d520b96e396bd11c8861b4310c25388b,RJ,moveis_sala,74.99,17.16,-13.0,5.0,0
d522bee95569dfe88b8bdcf435db31ab,SP,informatica_acessorios,134.9,13.07,-7.0,1.0,0
d5bd26cb62e49fde71c09ef5039cf2f6,RJ,moveis_sala,89.98,39.56,-7.0,1.0,0
d899e9de06c12640420a628524e4c092,SC,beleza_saude,99.99,14.87,-14.0,5.0,0
d95dc7171d00d08c5e2c57e693161db7,RS,informatica_acessorios,149.9,15.8,9.0,1.0,1
d985fb531fec480414b13531ab8c6e24,SC,esporte_lazer,109.99,23.35,-14.0,5.0,0
db54a9396f6a1b119b7f8e889d53030f,RS,cool_stuff,176.99,20.76,-10.0,5.0,0
dbc1e94476603bd8b5058d90842f2eb1,SP,beleza_saude,61.99,27.49,-2.0,4.0,0
dcad23c1f8ff76266e355d173380b1eb,PR,automotivo,99.0,44.49,-23.0,5.0,0
dcd9b00fff62919c208f9e424f8b2c13,RJ,brinquedos,49.99,15.79,-11.0,5.0,0
e21965e5414f7e165a71649e68030100,RJ,cama_mesa_banho,25.9,14.52,-15.0,1.0,0
e230d9e9b5c459f23e570014c1a255ff,RJ,utilidades_domesticas,149.99,41.81,-9.0,5.0,0
e39fd2e5443413710adca912ade28b4a,SC,cama_mesa_banho,69.9,16.25,-13.0,5.0,0
e4de4d75a4d1e6b3dc57a3d94922023f,DF,telefonia,58.86,18.51,-7.0,5.0,0
e748c54b8577378ff4ec891345c9b884,DF,utilidades_domesticas,29.9,18.89,-8.0,4.0,0
e979ae327ab74afbaf6f54421c6e4d74,SP,fashion_bolsas_e_acessorios,89.9,16.6,-10.0,5.0,0
ea9bd69504d710943f9f20a822fd49ee,RJ,moveis_decoracao,139.9,22.69,-8.0,4.0,0
eaef7f919169425e4108197b3bad8065,SP,relogios_presentes,116.9,13.26,-12.0,5.0,0
ee952aac074eb5c8cf647ff715c6d8f1,SP,utilidades_domesticas,138.0,25.81,-20.0,1.0,0
ef631f2168b86a6efd53a9fdfb9d4699,AM,papelaria,46.5,25.38,-13.0,5.0,0
eff853aac91ab73f53304207c4571d1f,SC,telefonia,21.99,14.1,-20.0,5.0,0
f1ce9965a957c39b5753f2b82622f6fb,SP,alimentos_bebidas,39.0,16.6,-8.0,3.0,0
f2371429f5b226299bc9410009b465b2,MG,eletronicos,15.0,18.23,-17.0,2.0,0
f2a4a108d09aa4b93643e9702d32d6de,SP,esporte_lazer,29.5,16.11,-8.0,3.0,0
f2a871697115fe3d0619068a8f8eec25,SP,fashion_bolsas_e_acessorios,69.9,14.17,-19.0,5.0,0
f2bfe1e2b86b6e22866492f4dbd26ff0,SP,ferramentas_jardim,179.99,45.72,-13.0,4.0,0
f2f137f9fe17507557ca6cae0804094c,SP,cama_mesa_banho,114.9,15.11,-18.0,5.0,0
f33aa647f08ec9623c76b6212be92333,DF,esporte_lazer,85.0,15.34,,1.0,0
f3cd1f125e0e08854ac5e58ab441cf67,RS,beleza_saude,16.0,18.23,-24.0,5.0,0
f6947f41d3ea19023c3e4e3a63887745,SC,beleza_saude,31.5,18.32,-10.0,5.0,0
f6951204d4c5a8b9721e0039ed0c894a,SP,,57.9,9.09,-12.0,5.0,0
f8b1fd93645bdb65f94169a8815da211,SP,construcao_ferramentas_construcao,132.9,11.56,-2.0,5.0,0
f8c23d339c140eddae8418d518af8497,SP,ferramentas_jardim,53.9,13.4,-6.0,5.0,0
fa3bee504523342f3e1b29cfc38a91d3,SP,fashion_bolsas_e_acessorios,74.99,11.55,-9.0,5.0,0
fba0d18dccd0e4e88943d84a0f5aa448,SP,relogios_presentes,55.0,7.39,-16.0,4.0,0
fcf3f4101d34a36c71f1f83b811e88c1,RJ,livros_interesse_geral,10.9,15.1,5.0,5.0,1
ff85c3e4329457e83cb474799a257ccc,SP,cool_stuff,890.0,17.5,-11.0,5.0,0
