Time,V1,V2,V3,V4,V5,V6,V7,V8,V9,V10,V11,V12,V13,V14,V15,V16,V17,V18,V19,V20,V21,V22,V23,V24,V25,V26,V27,V28,Amount,Class
122608.0,-2.0035,-7.159,-4.051,1.3096,-2.0581,-0.0986,2.8801,-0.7275,1.4604,-1.5316,-1.3943,-0.2207,-1.531,1.0752,0.3884,-0.6607,0.0933,0.3357,0.0576,3.9732,1.2443,-1.0152,-1.801,0.6576,-0.4356,-0.8945,-0.3976,0.3143,2125.87,1
27187.0,-24.5902,14.0446,-26.2787,6.3201,-18.2245,-4.61,-17.681,16.2136,-3.7941,-8.3728,4.9017,-6.8728,0.7698,-6.8266,-0.0544,-6.085,-12.3753,-4.8103,0.9367,1.6492,1.7771,-1.8049,-1.1406,0.1522,1.716,-0.2205,1.435,0.4225,99.99,1
29531.0,-1.0607,2.6086,-2.9717,4.3601,3.7389,-2.7284,1.9876,-0.3573,-2.7575,-2.3359,2.1115,-2.5919,-1.9506,-7.3116,0.0778,2.2906,6.5093,2.57,-3.2862,-0.0891,-0.0632,-0.2074,-0.1833,-0.1037,0.8962,0.4074,-0.1309,0.1922,0.68,1
156153.0,0.1452,1.1372,-1.0704,0.0208,0.261,-1.4031,0.753,0.0525,-0.2815,-1.2142,-0.4979,0.2768,0.7239,-0.7598,0.5824,0.2117,0.6289,0.6817,-0.2831,-0.1245,0.3502,0.9886,-0.023,-0.017,-0.2333,-0.1558,-0.0742,-0.0404,42.81,0
68202.0,-1.1279,0.75,1.5999,-0.5568,1.5209,-1.5576,1.4848,-0.5061,-0.8441,-0.8092,-0.396,0.5055,0.939,-0.073,-0.5705,0.1667,-1.0671,-0.5574,-1.7535,0.006,0.0511,0.1291,-0.4542,0.4148,1.0277,-0.572,-0.1953,-0.1675,0.89,0
154352.0,-0.8753,0.6453,-1.2678,-2.3439,3.4913,3.0802,0.7253,0.7822,-0.2419,-1.2739,-0.0183,-0.218,-0.5627,-0.8245,-0.4996,0.5947,-0.0741,-0.4762,-1.3877,-0.32,-0.27,-0.8779,0.1588,0.5883,-0.2875,-0.0343,-0.134,0.1303,13.99,0
85285.0,-6.7134,3.9211,-9.7467,5.1483,-5.1516,-2.0994,-5.9378,3.5788,-4.685,-8.5378,6.349,-8.6816,0.2512,-11.608,-0.3516,-5.3636,-11.9391,-3.5836,0.8974,0.1357,0.9543,-0.4511,0.1272,-0.3394,0.3941,1.0753,1.6499,-0.3949,252.92,1
155170.0,-0.2893,1.3042,-0.42,1.1289,0.5063,-0.3165,0.2838,0.2552,-0.7992,-0.4575,-0.5519,-0.0691,0.4736,-0.4924,1.4003,-0.7673,1.6524,0.1128,2.7002,0.1414,-0.1821,-0.478,0.2461,0.548,-0.9417,0.536,-0.0404,0.1504,1.29,0
147597.0,-4.2345,-4.6304,-0.1973,-1.5534,3.1428,-1.4641,0.1705,-0.5524,-0.9383,0.6984,0.0126,-0.3653,1.2801,-0.6789,-0.517,1.9053,-1.2089,-0.4827,1.0058,-1.5421,-0.2933,1.4738,2.5299,-1.376,1.1671,0.0736,0.612,-0.5779,110.07,0
68207.0,-13.1927,12.786,-9.9067,3.3203,-4.8012,5.7601,-18.7509,-37.3534,-0.3915,-5.0525,4.4068,-4.6108,-1.9095,-9.0727,-0.2261,-6.2116,-6.2481,-3.1492,0.0516,-3.493,27.2028,-8.887,5.3036,-0.6394,0.2632,-0.1089,1.2696,0.9394,1.0,1
149676.0,1.8332,0.7453,-1.133,3.8936,0.8582,0.9102,-0.4982,0.3447,-0.6679,0.3982,0.6139,-0.0226,0.452,-2.9692,-0.965,2.4644,0.6712,1.921,-1.6169,-0.0856,0.0393,0.1817,0.073,-0.1553,-0.1499,0.0128,0.0409,0.0229,17.39,1
134450.0,-0.7199,-0.4574,1.0552,0.1444,0.1022,1.3715,0.4035,0.3963,0.1317,-0.7369,-0.3951,0.3456,0.5018,-0.198,1.3061,-1.1154,0.7095,-1.0943,-0.4442,0.4473,0.5366,1.4677,0.4343,-0.9662,-0.8399,0.8009,0.1663,0.204,201.8,0
31714.0,1.1481,-0.0804,-0.5563,-0.0277,1.1786,2.2344,-0.5123,0.7562,0.1469,-0.2494,0.7371,-0.2326,-1.4354,0.2848,1.8073,-0.0024,0.4226,-0.9627,-0.7959,-0.267,-0.251,-0.6875,0.0528,-2.8366,0.0411,0.3188,0.0306,-0.0156,1.29,0
94362.0,-26.4577,16.4975,-30.1773,8.9042,-17.8926,-1.2279,-31.1973,-11.4389,-9.4626,-22.1871,4.42,-10.5923,-0.7038,-3.9262,-2.4002,-6.8099,-12.4623,-5.5011,-0.5679,2.8122,-8.7557,3.4609,0.8965,0.2548,-0.7381,-0.9666,-7.2635,-1.3249,1.0,1
39055.0,-1.0122,0.7547,1.3551,-0.0002,0.1207,1.5693,0.9323,0.0954,0.3838,-0.0257,0.614,0.6031,-0.1122,-0.4767,0.7191,-1.8211,1.2031,-2.6885,-1.337,-0.1903,-0.1031,0.263,0.0114,-0.601,-0.3618,0.2767,-0.3035,-0.1762,114.32,0
50926.0,-0.9238,0.579,1.3536,0.7892,0.7061,-0.4499,0.3778,0.0241,-0.2239,0.7344,1.4946,0.0107,-1.3883,0.5261,0.774,-0.5261,-0.1263,0.1819,0.2613,0.147,0.0782,0.6291,-0.2049,0.2161,-0.3541,-0.3319,0.4365,0.0279,10.02,0
165981.0,-5.7669,-8.4022,0.0565,6.951,9.8806,-5.7732,-5.7489,0.7217,-1.0763,2.6887,-1.4751,-0.0505,0.1135,0.9843,0.364,-0.6744,0.3275,0.0915,1.3079,2.4932,0.8804,-0.1304,2.2415,0.6653,-1.89,-0.1208,0.0733,0.5838,0.0,1
34505.0,1.2041,0.1657,0.6084,0.5581,-0.5731,-0.7992,-0.077,-0.0385,-0.1408,0.1202,1.5668,0.8171,-0.3851,0.5633,0.3799,0.4667,-0.5664,-0.0427,0.0977,-0.1276,-0.1995,-0.6414,0.157,0.5144,0.1408,0.0665,-0.0362,0.0095,0.99,0
141565.0,0.115,0.7668,-0.4941,0.1168,0.8682,-0.478,0.4385,0.0631,-0.1862,-0.1593,1.2003,0.2817,-0.6238,-0.6582,-0.1559,0.0562,0.6537,0.3347,1.0289,0.0622,-0.2844,-0.7069,0.1314,0.6007,-0.6043,0.2629,0.0991,0.0108,4.49,1
138894.0,-1.2984,1.9481,-4.5099,1.3058,-0.0195,-0.5092,-2.6434,1.2835,-2.5154,-4.5013,2.0931,-5.4189,-1.247,-3.8283,0.3991,-6.3665,-7.551,-4.9028,0.1529,0.2504,1.178,1.361,-0.272,-0.3259,0.2907,0.8413,0.6431,0.2012,0.01,1
145557.0,-3.0219,-0.8333,-1.3948,-0.3363,0.4315,-1.2957,0.124,0.4942,-0.3459,-0.1815,0.2922,0.8721,0.3143,1.0142,-0.3798,0.776,-0.7031,0.4788,-0.0534,-0.6527,0.1964,0.8848,-1.2377,-0.1211,-0.7026,0.6678,0.8215,-0.6242,216.59,0
35585.0,-2.019,1.4913,0.0052,0.8173,0.9733,-0.6393,-0.9741,-3.1469,-0.0032,-0.1217,0.0244,-1.0738,-2.0028,-0.8954,1.7489,-0.1035,2.0312,0.3176,0.3868,-1.03,2.8396,-1.1854,-0.1428,-0.0861,-0.3291,0.5236,0.6263,0.1524,0.76,1
162190.0,2.0641,-0.0063,-2.8395,0.0946,1.1849,-0.9064,0.9733,-0.4534,-0.0716,0.2269,0.0307,0.4386,-0.5178,1.126,-0.6634,-0.5962,-0.6231,0.2511,0.6659,-0.171,0.31,0.9757,-0.3826,-0.972,0.8832,0.1649,-0.0898,-0.0986,50.2,0
8614.0,-2.1699,3.6397,-4.5085,2.7307,-2.1227,-2.341,-4.2353,1.7035,-1.3053,-6.7167,6.3536,-8.6016,0.4499,-7.5062,-0.4381,-3.6945,-6.3048,-1.2676,0.358,0.5008,0.6451,-0.5035,-0.0005,0.0717,0.092,0.3085,0.5526,0.299,1.0,1
26961.0,-23.2379,13.4874,-25.1888,6.2617,-17.3452,-4.535,-17.1005,15.3746,-3.8456,-8.5118,5.1385,-7.22,0.6158,-7.3272,-0.0386,-6.3315,-12.6889,-4.8474,1.0205,1.6308,1.7697,-1.692,-1.0457,0.1434,1.6116,-0.2216,1.4812,0.4381,99.99,1
129808.0,1.5221,-0.5194,-2.5817,0.7747,0.2067,-1.431,0.757,-0.4444,0.9979,-1.4295,-0.3755,0.1791,-0.1484,-2.1352,-0.0449,-0.0553,1.7787,0.6718,-0.002,0.3612,0.0196,-0.2117,-0.2475,-0.2795,0.2396,-0.5084,-0.0156,0.0419,276.17,1
84204.0,-0.9378,3.4629,-6.4451,4.9322,-2.234,-2.2916,-5.6956,1.3388,-4.3224,-8.0991,7.183,-9.4459,-0.3146,-12.9915,-0.1364,-6.3675,-12.7344,-3.8451,1.0077,1.1295,1.0666,-0.5217,-0.3199,-0.4059,0.9068,1.1658,1.3745,0.7299,0.0,1
148028.0,-1.0538,4.3628,-6.0235,5.3045,1.4807,-2.1938,-1.5308,0.6269,-4.037,-6.2854,3.5361,-7.9596,-1.6734,-12.458,-0.2139,-1.4241,-3.2437,0.06,-1.8023,0.5316,0.398,-0.9454,-0.3761,-0.2205,0.264,0.0489,0.8472,0.5319,0.0,1
155288.0,0.1897,-3.3895,-1.9348,0.5931,-0.3101,2.1112,0.3968,0.383,0.8273,-0.4328,0.7193,1.007,-0.2821,0.3806,0.1478,-0.2411,0.1123,-1.2041,-0.5277,1.5255,0.1789,-1.3057,-0.2671,-0.9326,-1.1009,0.1339,-0.1721,0.085,888.61,0
61972.0,-0.303,1.2968,0.7212,0.9978,-0.1818,-0.7856,0.5273,0.1644,-0.9448,-0.4288,-0.3723,0.9143,1.6832,0.3115,0.807,-0.2194,-0.1321,-0.0681,0.3272,0.0016,0.2025,0.5495,-0.0328,0.4371,-0.0732,-0.3338,-0.0396,-0.0135,27.22,0
101597.0,0.9131,1.1454,-4.6029,2.0918,-0.4732,-2.0854,-1.6712,0.0944,0.3378,-4.4318,4.872,-5.3952,1.3325,-4.6038,-0.7773,-2.5719,-3.0036,-0.2254,0.2523,0.509,0.4014,-0.0849,-0.1977,-0.2833,0.3876,-0.5535,0.5163,0.2708,147.87,1
125612.0,1.8896,1.0731,-1.678,4.1733,1.0155,-0.0094,-0.0797,0.0641,-0.7145,0.0422,-0.4084,-0.9294,0.0587,-3.5128,-0.1646,2.0699,1.7334,1.5808,-2.3352,-0.1536,0.2037,0.7338,-0.0366,0.3343,0.1472,0.2796,0.0317,0.0359,3.22,1
44393.0,-4.6175,3.6634,-5.2974,3.881,-3.2636,-0.9185,-5.7153,0.831,-2.457,-5.7268,3.5257,-6.4891,-1.0128,-7.0523,0.7844,-6.774,-8.5881,-4.5109,1.1479,-0.3465,2.6982,-0.0271,0.3668,-0.123,-0.3005,-0.24,-0.1835,-0.0734,1.0,1
28625.0,-27.8482,15.5982,-28.9238,6.4184,-20.3462,-4.8282,-19.2109,18.3294,-3.6687,-8.0092,4.3031,-6.0087,1.139,-5.5804,-0.1107,-5.4911,-11.5885,-4.7154,0.7346,1.6979,1.8021,-2.0629,-1.2698,0.1654,1.9995,-0.2111,1.3248,0.3881,99.99,1
54078.0,-0.8555,0.3388,0.8178,0.5397,1.9722,4.6619,-0.5693,1.132,0.5999,-0.203,-1.1136,0.2769,-0.3878,-0.7838,-1.3036,-1.0029,0.3777,-0.1941,2.0627,0.04,-0.4308,-1.0428,-0.1052,0.9993,0.5103,-0.3734,-0.3451,0.07,16.44,0
90434.0,1.8484,0.3734,0.2693,3.8664,0.0881,0.9704,-0.7219,0.236,0.6835,1.1663,1.2975,-1.921,1.885,1.3232,-2.0445,1.3177,-0.4411,0.8041,-1.6583,-0.2828,0.1036,0.621,0.1971,0.6924,-0.2065,-0.0213,-0.0198,-0.0427,0.0,0
32345.0,-3.2175,2.4539,0.4501,3.5132,0.8255,-0.1682,1.0915,-0.5822,-0.1861,5.2331,1.395,-0.334,-0.4349,-0.4672,0.1982,-0.1316,-0.61,0.0977,0.5138,0.563,-0.4137,0.2865,-0.0585,0.3148,0.1168,0.1761,0.3898,0.4317,21.99,0
123701.0,-2.1093,2.1164,0.5897,-1.8461,1.0771,0.3056,1.4196,-1.0512,3.065,3.1956,1.5814,0.0744,0.0337,-3.4009,0.1646,0.1443,-0.794,0.6064,-0.1679,1.5599,-0.7813,-0.5856,-0.2204,0.0517,0.0498,-0.5169,-0.8702,-1.2634,0.77,0
77861.0,1.2745,0.348,-0.0552,0.4374,0.3014,-0.1023,0.0479,-0.0597,-0.0428,-0.3503,-0.4506,0.4968,1.2064,-0.4796,1.3136,0.3909,-0.081,-0.579,-0.2457,-0.0322,-0.3059,-0.7999,0.0455,-0.7838,0.2845,0.1734,-0.002,0.0206,0.99,0
88737.0,1.9178,0.952,-2.0592,3.834,1.6682,0.7698,0.2325,0.1079,-1.1436,0.5417,0.302,0.2577,0.7091,-2.4207,-1.9977,1.5067,0.7998,1.1628,-1.1506,-0.1159,0.0153,0.24,-0.1119,-0.3806,0.371,0.1891,-0.0058,-0.0121,9.21,1
58067.0,-0.2649,3.3861,-3.455,4.3676,3.3361,-2.0539,0.2569,-2.9572,-2.8558,-2.8085,1.8475,-2.4148,-2.5732,-6.5991,0.1235,2.5724,6.6094,2.5307,-3.6027,0.4825,-1.3945,-0.166,-1.4521,-0.2518,1.2435,0.4528,0.1322,0.4246,1.0,1
69251.0,-0.7831,0.6531,1.4328,-0.4361,0.7233,-0.8516,0.5829,0.0527,-0.4182,-0.9937,-0.1843,-0.1126,-0.2595,-0.3211,0.639,0.3962,-0.012,-0.6161,-1.2367,-0.0961,-0.1345,-0.5482,0.0533,0.0105,-0.4109,-0.084,0.0696,0.1404,0.99,0
46057.0,-1.3094,1.7865,-1.3711,1.2143,-0.3366,-1.3901,-1.7091,0.6677,-1.6998,-3.8439,2.9626,-3.956,-1.5392,-4.6346,-0.2484,-2.0586,-5.6355,-0.7753,-0.2393,0.2535,0.5335,-0.0222,-0.2996,-0.2264,0.3644,-0.4751,0.5714,0.2934,1.0,1
28658.0,-28.5243,15.8769,-29.4687,6.4476,-20.786,-4.8656,-19.5011,18.7489,-3.643,-7.9396,4.1847,-5.8351,1.216,-5.3301,-0.1186,-5.3678,-11.4318,-4.6969,0.6927,1.7069,1.8058,-2.1194,-1.3174,0.1698,2.0517,-0.2105,1.3017,0.3802,99.99,1
149829.0,-0.7078,1.4969,-1.2253,-0.5805,0.7032,-0.2013,0.437,0.5029,0.0256,-0.1724,0.2313,-0.2456,-1.4397,-0.2603,-0.5505,0.4889,0.3962,0.64,0.6684,-0.0278,-0.1801,-0.5681,0.2585,-0.0039,-1.3055,0.0586,0.1679,0.3259,10.74,0
48877.0,1.4761,-0.7505,0.1318,-1.326,-1.0898,-1.0175,-0.4843,-0.3136,-2.338,1.3856,0.2737,-0.1886,1.1525,-0.1631,0.4335,-1.0843,1.0031,-1.2217,-0.4555,-0.3254,-0.4457,-0.8749,0.2105,0.3617,0.2509,-0.4428,0.0251,0.0176,16.53,0
93853.0,-5.8392,7.1515,-12.8168,7.0311,-9.6513,-2.9384,-11.5432,4.8436,-3.4943,-13.3208,8.4602,-17.0033,0.1016,-14.0945,0.747,-12.6617,-18.9125,-6.627,4.0089,0.0557,2.4621,1.0549,0.5305,0.4727,-0.276,0.2824,0.1049,0.2544,316.06,1
158638.0,-5.9761,-7.197,-5.3883,5.1048,4.6765,-5.5669,-4.2912,0.8765,-1.0755,-3.2726,1.1682,-2.1347,1.1283,-4.566,-0.127,-2.827,-2.8657,-0.9129,0.4211,3.1363,1.4594,-0.1363,0.8482,-0.2699,-1.0951,-0.7109,0.5658,-1.0341,296.0,1
124267.0,-1.084,1.0831,2.0856,2.0197,1.5612,0.0601,1.5414,-0.3617,-1.1075,0.6066,-1.8393,-1.2814,-1.3857,-0.4425,-2.2366,0.707,-1.1064,-0.4832,-2.499,-0.2153,-0.0238,0.1428,-0.6293,-0.2109,1.0057,-0.0149,-0.5233,-0.3629,11.76,0
102542.0,-1.4569,3.7403,-7.4045,7.441,-1.5499,-1.6617,-5.7572,1.615,-2.1949,-6.8071,6.8258,-10.3997,1.8364,-11.8728,-3.6424,-6.0441,-9.7508,-3.1164,0.0653,0.5296,0.9579,0.1453,-0.0447,-0.545,-0.7578,-0.0054,0.3182,-0.3236,2.28,1
128733.0,-0.8952,1.4912,-0.5489,-0.5428,-0.2734,-1.2589,0.2944,0.6541,-0.1908,-0.5531,-1.1891,0.4772,0.1443,0.6746,-0.4646,0.1306,-0.078,-0.6914,-0.1286,-0.1205,-0.2036,-0.6183,0.1837,0.0353,-0.3923,0.1464,0.1065,0.0231,9.99,0
157617.0,2.1285,0.01,-2.4903,-0.3121,1.0455,-0.6455,0.6054,-0.2898,0.0397,0.1869,0.4564,0.4797,-0.4943,1.0523,-0.1421,-0.2716,-0.6789,0.1576,0.5788,-0.209,0.1548,0.501,-0.0898,0.0778,0.4824,0.2329,-0.096,-0.0893,7.6,0
55760.0,-6.0034,-3.9307,-0.007,1.7147,3.4147,-2.3296,-1.9015,-2.7461,0.8877,-0.0492,-0.1531,-0.8143,-1.8948,-0.8315,1.3873,1.1889,0.5368,-0.0514,-1.2314,-4.1282,1.1017,-0.9925,-0.6983,0.1399,-0.2052,-0.4724,1.7754,-0.1043,311.91,1
149148.0,-1.5029,-0.8877,0.5855,-0.7528,2.4742,-1.771,0.0324,-0.0115,-0.0531,-0.765,-1.8229,-0.4372,-0.6056,0.3158,-0.4999,0.2815,-0.7696,-0.3944,-0.1884,0.2161,-0.138,-0.9118,0.1236,-0.7448,-0.0825,0.1388,-0.0203,0.1528,1.98,0
52222.0,-0.8202,1.5338,0.3483,0.9591,-0.8037,-0.5057,0.2297,0.6797,-1.2537,-0.3894,1.2897,1.5468,1.1304,0.8933,0.1225,0.0718,-0.127,0.4525,0.5398,-0.1898,0.3043,0.6498,0.0373,0.5761,-0.1349,-0.3709,-0.2738,-0.1048,70.65,0
148479.0,-1.5417,3.8468,-7.6041,3.1215,-1.2549,-2.0849,-2.385,1.4711,-2.5305,-5.1757,1.9272,-6.0112,-1.1956,-6.7456,-0.0581,-4.3251,-5.5581,-1.5805,0.9719,0.1148,1.0964,1.0642,0.0654,0.2572,-0.6937,-0.3357,0.5771,0.3983,122.68,1
130252.0,2.2554,-1.4926,-2.8971,-2.6875,1.5264,3.0322,-1.1251,0.6221,-1.9107,1.6693,0.0254,-0.8052,0.3024,0.2086,0.5041,-0.7228,0.374,-0.5492,-0.2312,-0.2899,-0.2905,-0.6211,0.3025,0.6593,-0.1527,-0.2963,-0.01,-0.0572,52.0,0
65385.0,-2.9238,1.5248,-3.0188,3.2893,-5.7555,2.2183,-0.51,-3.5694,-1.0166,-4.3205,1.2772,-3.7017,-0.9719,-4.8578,0.0906,-2.8015,-4.1868,-1.6484,1.1764,-0.447,-0.5117,-0.1227,-4.2886,0.5638,-0.9495,-0.2045,1.5102,-0.3247,1354.25,1
122342.0,2.1989,-0.5449,-1.1111,-0.7228,-0.6323,-1.5343,-0.1429,-0.4778,-0.657,0.7596,-0.1119,0.2557,0.9887,-0.1961,-0.4115,0.3953,0.5433,-2.2221,0.5942,-0.0277,0.0659,0.3059,0.2457,0.4375,-0.046,-0.304,-0.0282,-0.0588,3.96,0
25095.0,1.1924,1.339,-0.6789,3.1237,0.6432,-1.1843,0.3976,-0.2535,0.4111,-0.8599,1.1241,-3.7639,0.368,-0.9718,-0.0139,1.4576,2.6115,1.292,-1.5638,-0.1855,-0.3775,-0.8896,-0.0742,0.0354,0.5506,-0.0272,-0.0249,0.0736,3.12,1
75776.0,-1.0782,0.2016,0.8396,-0.4948,0.5073,-0.8177,1.7238,-0.2784,-0.8807,-0.9286,-0.8387,0.1024,0.6463,0.2237,0.1106,0.3411,-0.7367,-0.595,-0.2759,0.4651,-0.1804,-1.0618,0.4032,-0.1732,0.0993,0.0087,-0.0752,0.1125,204.9,0
67150.0,-1.8243,0.4033,-1.9941,2.7566,-3.1391,0.4082,-1.209,1.0956,-1.4472,-3.951,2.5607,-3.412,-0.7817,-4.7328,-0.434,-3.3061,-4.231,-0.7508,2.6908,1.5037,0.8388,0.3417,0.9475,-0.1455,0.0493,0.8311,0.3324,0.2527,489.71,1
92092.0,-1.1085,3.449,-6.217,3.0211,-0.5299,-2.5514,-2.0017,1.0924,-0.8361,-4.0956,2.426,-6.0673,1.8324,-3.5017,-1.004,-3.5013,-2.9419,-1.1257,0.3737,-0.0686,0.826,1.1442,0.2086,-0.2955,-0.6902,-0.3647,0.2293,0.2088,18.0,1
28726.0,-29.8764,16.4345,-30.5587,6.5059,-21.6657,-4.9404,-20.0814,19.5878,-3.5915,-7.8006,3.9478,-5.4879,1.3699,-4.8296,-0.1344,-5.1212,-11.1182,-4.66,0.6089,1.7248,1.813,-2.2323,-1.4128,0.1787,2.156,-0.2094,1.2556,0.3645,99.99,1
81372.0,-0.8853,1.7906,-0.9451,3.8534,-1.5435,0.1886,-2.9884,1.3441,-2.2945,-1.8862,1.9043,-4.0024,-0.937,-2.8019,0.7983,-2.3487,-6.4267,-0.8273,1.7324,0.37,0.7462,0.5508,-0.0349,-0.5676,-0.5283,0.2588,0.5069,0.1767,7.57,1
142570.0,1.9959,0.1318,-1.7494,1.1904,0.6586,-0.5962,0.5367,-0.2424,-0.0129,0.4269,0.3486,0.816,-0.3999,0.7332,-1.1752,-0.4197,-0.5151,-0.018,0.2141,-0.2669,0.0796,0.3983,-0.0702,-0.4634,0.4736,-0.4828,-0.0215,-0.0749,17.82,0
40086.0,1.0837,1.1795,-1.3462,1.9988,0.818,-0.7714,0.2303,0.0937,-0.1676,-1.9598,2.8043,0.3124,-0.596,-4.6626,-0.2995,1.0014,3.9028,1.6196,-0.8881,-0.0602,-0.312,-0.6397,-0.1202,-0.1802,0.6093,-0.3395,0.0967,0.115,1.0,1
141952.0,1.8855,0.3655,-2.331,1.4096,1.0515,-0.6263,0.6825,-0.2401,-0.2434,-0.236,1.2993,1.0671,0.2903,-0.916,-1.0936,-0.0666,0.7295,0.4454,-0.1768,-0.0692,0.054,0.2423,-0.0519,0.6018,0.4492,-0.5498,-0.0103,-0.0216,59.15,0
8408.0,-1.8133,4.9179,-5.9261,5.7015,1.2044,-3.0351,-1.7134,0.5613,-3.7964,-7.4548,7.3881,-10.4752,-0.3793,-11.7367,-2.087,-2.4424,-3.5355,0.1304,-2.0715,0.5767,0.6156,-0.4064,-0.737,-0.2796,1.1068,0.3239,0.8948,0.5695,1.0,1
154199.0,2.2567,-0.589,-1.574,-1.0659,-0.0832,-0.8097,-0.2634,-0.4051,-0.7509,0.8289,-0.6619,0.034,1.7749,-0.3022,0.2279,0.9276,-0.0732,-1.351,0.5409,0.1044,0.4246,1.2826,-0.0345,0.5747,0.3145,0.0464,-0.0348,-0.0583,15.0,0
34634.0,0.3335,1.6999,-2.5966,3.6439,-0.5851,-0.6547,-2.2758,0.6752,-2.0424,-2.8349,2.802,-4.3927,-1.3697,-5.3273,0.1632,-1.3594,-5.0952,-0.338,-0.1241,0.3293,0.4692,-0.1444,-0.318,-0.7696,0.8079,0.2282,0.551,0.3055,18.96,1
126959.0,1.7954,-0.6799,-2.0171,0.3735,0.157,-0.6477,0.3562,-0.0856,0.5052,0.2973,0.3566,-0.5641,-3.1553,1.2478,-0.7527,-0.3054,-0.0879,-0.0163,0.3951,-0.1292,0.0982,-0.0048,-0.0024,0.6982,0.0612,0.5527,-0.1502,-0.066,136.0,0
154916.0,0.3718,-0.4071,-0.7086,-2.6187,0.0363,-0.801,0.6753,-0.3407,-2.7614,1.1088,0.1748,-0.6437,0.0829,0.1137,-1.8418,-1.0141,0.3491,0.2254,0.215,-0.3182,0.0897,0.6552,-0.1943,-0.448,0.1649,0.0455,0.0099,0.0057,60.0,0
41991.0,-4.5663,3.3535,-4.572,3.6161,-2.4931,-1.09,-5.5514,0.4478,-2.4244,-5.6999,3.5868,-6.6362,-1.1282,-7.2455,0.6383,-6.8568,-8.8519,-4.5919,0.9369,-0.2491,2.6745,-0.0209,-0.3024,-0.0864,-0.5161,-0.2951,0.196,0.1411,1.0,1
42510.0,1.2703,-0.8733,1.0375,-0.3783,-1.5358,-0.2557,-1.0976,0.12,-0.0158,0.444,-0.2932,-0.5615,-0.623,-0.5463,0.0955,0.4893,0.9688,-1.7076,0.1759,0.0011,0.3204,1.0361,-0.0837,0.4468,0.452,0.0071,0.0512,0.02,24.09,0
56703.0,1.197,-0.5165,0.4453,-0.2605,-0.6455,0.1264,-0.5098,0.0805,-1.262,0.818,1.2543,0.9701,0.9802,0.184,0.4545,-1.1505,-0.3001,0.9063,-0.8387,-0.3712,-0.5729,-1.2965,0.1884,-0.341,-0.0403,0.0587,0.0067,0.0203,56.19,0
146998.0,-2.0642,2.6297,-0.7484,0.695,0.4182,1.3925,-1.6978,-6.3331,1.7242,-0.8872,-1.5943,-0.3388,-0.9781,-3.6888,-1.4871,0.5269,2.347,1.6912,-0.7361,-1.4245,6.2155,-1.2769,0.4599,-1.0517,0.2092,-0.3199,0.0154,-0.0501,8.0,1
122270.0,1.8651,0.3945,-0.6429,3.7223,0.5568,0.6764,-0.0436,0.1614,-0.8928,1.5367,0.2406,0.5027,-0.3036,0.204,-2.1294,0.6087,-0.7091,-0.08,-1.1248,-0.2813,0.1287,0.4789,0.1159,0.6966,0.0988,0.0473,-0.0329,-0.0541,7.56,0
82450.0,1.3145,0.5906,-0.6666,0.7166,0.302,-1.1255,0.3889,-0.2884,-0.1321,-0.5977,-0.3253,-0.2164,0.0842,-1.0546,0.9679,0.6012,0.6311,0.2951,-0.1362,-0.058,-0.1703,-0.4297,-0.1413,-0.2002,0.6395,0.3995,-0.0343,0.0317,0.76,0
154024.0,-0.3485,1.0717,-1.9866,-1.5997,2.9151,3.1696,0.1862,1.14,0.0093,-0.5047,0.1022,-0.0786,-0.3976,-0.7145,0.1614,0.2329,0.4086,-0.3813,-0.4302,0.1345,-0.3747,-0.9134,0.1345,0.5883,-0.3756,0.1427,0.0628,-0.1551,1.98,0
85285.0,-7.0303,3.422,-9.5251,5.2709,-4.0246,-2.8657,-6.9892,3.7916,-4.6227,-8.4097,6.309,-8.5768,0.2467,-11.534,-0.3643,-5.4525,-11.8876,-3.5636,0.876,0.5457,1.1034,-0.5419,0.0369,-0.3555,0.3536,1.0425,1.3595,-0.2722,0.0,1
84204.0,-1.9275,1.8276,-7.0195,5.3483,-2.7392,-2.1072,-5.0158,1.2059,-4.3827,-8.3377,7.1903,-9.4248,-0.2233,-12.8755,-0.0719,-6.3,-12.7192,-3.7402,0.8441,2.1727,1.3769,-0.792,-0.7714,-0.3796,0.7187,1.1112,1.2777,0.8191,512.25,1
8528.0,0.4474,2.482,-5.6608,4.4559,-2.4438,-2.185,-4.7161,1.2498,-0.7183,-5.3903,6.4542,-8.4853,0.6353,-7.0199,0.5398,-4.6499,-6.2884,-1.3393,2.263,0.5496,0.7561,0.1402,0.6654,0.1315,-1.9082,0.3348,0.7485,0.1754,1.0,1
144330.0,-3.358,3.8991,-2.3638,-0.5859,-0.2748,1.9607,-4.1502,-13.3969,1.0834,0.4117,0.6375,0.8516,-1.6598,0.1371,0.043,0.5306,1.3165,1.541,-0.2404,-2.8666,13.2502,-3.6782,1.5817,-0.8042,0.853,0.0705,0.7778,0.4419,2.99,0
151088.0,-0.2332,-1.1801,2.8868,-1.9649,-1.9289,1.3959,-1.721,0.6263,-0.6908,0.5437,-0.6345,-0.2523,0.1084,-1.785,-2.5303,-0.7357,0.8196,0.9731,0.9309,-0.2457,-0.0605,0.631,-0.392,-0.4314,0.4865,0.2449,0.0652,-0.0557,20.5,0
169966.0,-3.1138,0.5859,-5.3997,1.8171,-0.8406,-2.9435,-2.208,1.0587,-1.6323,-5.246,1.9335,-5.0305,-1.1275,-6.4166,0.1412,-2.5495,-4.6147,-1.4781,-0.0355,0.3063,0.5833,-0.2692,-0.4561,-0.1837,-0.3282,0.6061,0.8849,-0.2537,245.0,1
81799.0,-0.9199,-0.3565,1.1278,-2.4947,-1.0039,-0.5385,-0.4433,0.3894,-2.9098,0.6261,0.5544,-0.2726,0.8247,-0.0319,-0.8296,0.1156,0.0414,0.8274,-0.4586,-0.226,0.1466,0.4508,-0.1578,0.0082,0.2923,-0.1827,-0.0526,-0.0122,64.6,0
406.0,-2.3122,1.952,-1.6099,3.9979,-0.5222,-1.4265,-2.5374,1.3917,-2.7701,-2.7723,3.202,-2.8999,-0.5952,-4.2893,0.3897,-1.1407,-2.8301,-0.0168,0.417,0.1269,0.5172,-0.035,-0.4652,0.3202,0.0445,0.1778,0.2611,-0.1433,0.0,1
107492.0,1.752,-0.2545,-1.4906,0.6714,0.1283,-0.7382,0.0475,-0.2157,1.8571,-0.8581,0.593,-2.8962,0.9313,0.6627,0.4425,0.8715,1.1795,0.1741,-0.4671,0.0758,-0.6008,-1.9016,0.4417,0.3579,-0.7824,-0.1682,-0.1062,0.0057,156.5,0
68207.0,-13.1927,12.786,-9.9067,3.3203,-4.8012,5.7601,-18.7509,-37.3534,-0.3915,-5.0525,4.4068,-4.6108,-1.9095,-9.0727,-0.2261,-6.2116,-6.2481,-3.1492,0.0516,-3.493,27.2028,-8.887,5.3036,-0.6394,0.2632,-0.1089,1.2696,0.9394,1.0,1
154657.0,-0.6795,4.6726,-6.8148,7.1435,0.9287,-1.873,-2.3067,0.9937,-4.9441,-5.5764,5.7837,-6.1177,0.6142,-12.4515,0.4272,-2.2559,-2.128,0.7068,1.0938,0.872,0.5668,-0.3217,-0.2813,-1.1203,-0.0734,0.5535,0.7605,0.3867,0.77,1
66883.0,1.2177,-0.6278,1.1943,0.6058,-1.2905,0.3804,-1.0944,0.2698,-0.3977,0.84,0.2953,0.514,-0.1259,-0.2516,-0.6416,-1.0702,-0.3531,1.9313,-0.6128,-0.5242,-0.3935,-0.5442,0.0214,-0.0605,0.2931,-0.3877,0.0879,0.0306,21.1,0
50554.0,-0.7987,1.1851,0.9045,0.6946,0.219,-0.3193,0.4952,0.1393,-0.7602,0.1705,0.822,0.4683,-0.0576,0.573,0.3587,-0.0116,-0.5046,0.7227,0.8615,-0.0813,0.2023,0.5787,-0.0922,0.0137,-0.2465,-0.3801,-0.396,-0.1129,4.18,0
93860.0,-10.6324,7.2519,-17.6811,8.2041,-10.1666,-4.5103,-12.9816,6.7836,-4.6593,-14.9247,8.3891,-16.4655,0.3385,-14.2244,0.5566,-11.684,-15.8416,-5.7532,3.813,-0.8101,2.7154,0.6956,-1.1381,0.4594,0.3863,0.5224,-1.4166,-0.4883,188.52,1
85285.0,-6.7134,3.9211,-9.7467,5.1483,-5.1516,-2.0994,-5.9378,3.5788,-4.685,-8.5378,6.349,-8.6816,0.2512,-11.608,-0.3516,-5.3636,-11.9391,-3.5836,0.8974,0.1357,0.9543,-0.4511,0.1272,-0.3394,0.3941,1.0753,1.6499,-0.3949,252.92,1
40821.0,-0.1668,-3.1301,1.4248,1.7155,-2.7173,1.2048,-0.8737,0.3374,0.7803,0.0683,-1.2828,0.4871,-0.1791,-1.1079,-1.2602,-2.1764,0.9347,1.0175,-1.4207,0.7228,0.1694,-0.0035,-0.5886,0.4428,0.098,-0.1573,0.0375,0.1615,675.49,0
107515.0,-6.0532,-7.7946,2.1081,0.5962,7.0442,-5.0786,-5.1571,0.6718,2.1578,-0.8446,1.6955,-1.04,2.5209,1.8006,0.564,-0.4193,0.4245,1.542,1.6423,2.3191,0.7688,0.1569,1.138,-0.3389,0.7869,0.5774,-0.2767,0.207,61.47,0
12093.0,-4.6968,2.6939,-4.4751,5.4677,-1.5568,-1.5494,-4.1042,0.5539,-1.4985,-4.595,5.2755,-11.349,0.3745,-8.1387,0.5486,-6.6536,-10.2468,-4.1911,0.9915,-0.159,0.5739,-0.0802,0.3184,-0.2459,0.3382,0.0323,-1.5085,0.6081,0.0,1
41505.0,-16.5265,8.585,-18.6499,9.5056,-13.7938,-2.8324,-16.7017,7.5173,-8.5071,-14.1102,5.2992,-10.834,1.6711,-9.3739,0.3608,-9.8992,-19.2363,-8.3986,3.1017,-1.5149,1.1907,-1.1277,-2.3586,0.6735,-1.4137,-0.4628,-2.0186,-1.0428,364.19,1
78271.0,0.3237,-2.4522,-0.8843,-0.0102,0.5753,4.3677,-0.8374,0.9545,-0.2358,0.3663,-0.9375,0.1393,0.2516,-0.3569,-0.3181,-1.3137,-0.2558,1.5852,-0.5301,0.612,-0.2832,-1.3901,-0.3896,0.9817,0.299,-0.4942,0.0042,0.1234,521.99,0
26585.0,-19.8563,12.0959,-22.4641,6.1155,-15.148,-4.3467,-15.6485,13.2768,-3.9742,-8.8592,5.7308,-8.088,0.2308,-8.579,0.0009,-6.9477,-13.4729,-4.9402,1.2301,1.5829,1.7507,-1.4096,-0.8098,0.1214,1.3503,-0.2243,1.5976,0.4769,99.99,1
142840.0,-3.6139,-0.9221,-4.7499,3.373,-0.5452,-1.1713,-4.1723,1.517,-1.7758,-3.7541,2.7316,-3.4894,1.5474,-4.5713,-0.518,-4.2391,-9.2506,-2.4348,1.9874,-0.3205,0.7868,0.8931,1.0349,0.0977,-1.3456,-0.7883,1.0554,0.1,144.8,1
114003.0,-1.2789,0.5667,0.5431,-1.2336,1.9611,-0.4525,0.8772,-0.0425,-0.171,-0.7315,0.3406,-0.6576,-1.6981,-0.7783,-0.7955,0.8012,-0.1844,0.5743,-0.0048,-0.0407,-0.4777,-1.247,-0.4991,-0.0335,0.6012,0.2106,-0.0377,-0.1491,7.99,0
129983.0,2.1808,-1.8415,0.0676,-1.5736,-1.9542,0.2367,-2.0784,0.1644,-0.4062,1.4735,-1.4005,-0.9382,0.6962,-1.0329,0.576,0.2882,0.0164,0.8198,-0.4725,-0.304,0.0619,0.6222,0.242,0.4634,-0.489,-0.1119,0.0686,-0.0157,50.0,0
18895.0,1.2453,-0.2736,0.6837,-0.7665,-0.4722,0.1904,-0.6822,0.0208,3.0176,-1.5257,0.1402,-1.4591,2.6617,1.0807,0.746,-0.5626,0.5084,0.1727,0.3004,-0.0922,-0.1729,0.0599,-0.1195,-0.7906,0.5434,-0.6471,0.0865,0.0207,11.85,0
53518.0,1.1376,-0.6108,1.0113,0.7263,-1.4472,-0.5587,-0.6172,-0.0931,-0.5186,0.6548,-0.5826,0.2874,0.5313,-0.2885,0.2626,-1.5505,0.041,1.2921,-1.2615,-0.3918,-0.1754,-0.0082,-0.0772,0.7155,0.4661,-0.2515,0.0671,0.0505,79.0,0
7610.0,0.7256,2.3009,-5.33,4.0077,-1.7304,-1.7322,-3.9686,1.0637,-0.4861,-4.625,5.5887,-7.1482,1.6805,-6.2103,0.4953,-3.5995,-4.8303,-0.6491,2.2501,0.5046,0.5897,0.1095,0.601,-0.3647,-1.8431,0.3519,0.5945,0.0994,1.0,1
159844.0,-0.4081,3.1329,-3.098,5.8039,0.8906,-0.5015,-0.4401,0.5918,-3.2677,-2.2231,0.7571,-3.5018,0.2467,-6.0656,0.3396,-1.0057,0.3343,0.4213,1.2471,0.4996,0.0985,-0.5384,-0.218,-1.0427,0.3144,0.5432,0.2339,0.1196,45.51,1
81853.0,1.3018,-1.17,-0.2445,-1.5157,-0.87,-0.296,-0.5354,-0.1008,-2.4417,1.5363,1.2498,-0.142,0.3929,0.1752,-0.1182,-0.6463,0.5625,-0.3942,0.0573,-0.1575,-0.3909,-0.9986,0.0466,-0.3514,0.2476,-0.4274,-0.0023,0.0151,108.22,0
163300.0,2.0552,-0.8283,-2.8573,-0.6447,0.4926,-0.7827,0.4825,-0.389,-1.2161,1.1923,-0.0155,-0.4059,-1.188,1.1129,-0.8564,-1.8404,-0.2,1.4758,-0.1903,-0.4486,-0.0435,0.1495,-0.2116,0.2382,0.4825,0.9919,-0.1594,-0.0847,114.98,0
136035.0,1.8616,-0.3488,-0.5009,0.4092,-0.4398,0.1191,-0.8518,0.2259,0.8999,-0.3611,1.3512,1.1535,0.7156,-1.4107,0.1967,1.1516,0.028,0.8835,-0.3001,-0.0114,0.0265,0.1328,0.307,0.6381,-0.5979,0.2881,0.0011,-0.0071,39.28,0
28692.0,-29.2003,16.1557,-30.0137,6.4767,-21.2258,-4.903,-19.7912,19.1683,-3.6172,-7.8701,4.0663,-5.6615,1.293,-5.0798,-0.1265,-5.2445,-11.275,-4.6784,0.6508,1.7159,1.8094,-2.1758,-1.3651,0.1743,2.1039,-0.2099,1.2787,0.3724,99.99,1
74167.0,0.2971,0.5564,-0.6798,-0.4561,2.3827,3.5497,-0.3154,-0.0108,-0.4338,-0.1872,-0.2352,-0.0402,-0.1234,0.601,0.9746,0.3733,-0.8938,0.3329,-0.0838,-0.1204,0.7581,-0.4259,-0.2253,0.9976,1.1189,-0.2871,0.1707,0.2176,9.99,0
127583.0,-4.0773,-1.1237,-0.9097,-0.5584,2.3642,0.9353,0.5401,0.1844,1.3903,2.108,1.8495,0.4302,-0.789,-0.2342,0.8493,-1.0548,0.1202,-1.5518,-1.4918,-1.3022,-0.4196,1.9992,1.3277,-0.4965,0.0326,0.6755,1.451,0.5148,33.45,0
160870.0,-0.6443,5.0024,-8.2527,7.7569,-0.2163,-2.7515,-3.3589,1.4063,-4.4039,-5.9456,4.4759,-7.6073,-0.1607,-13.0107,1.0944,-2.864,-2.8713,-0.1806,0.6477,0.8166,0.5877,-0.6058,0.0337,-0.7562,-0.0082,0.5328,0.664,0.1921,0.77,1
66406.0,1.2835,1.353,-1.7764,1.5218,1.1588,-1.5252,0.8264,-0.4056,-0.5478,-1.5758,0.5279,-0.1705,0.8416,-3.586,1.0095,1.1391,2.4753,1.3862,-0.656,0.0368,-0.2329,-0.5239,-0.2808,-0.4152,0.9543,-0.2663,0.0451,0.0938,1.0,0
102669.0,-5.6037,5.2222,-7.5168,8.1177,-2.7569,-1.5746,-6.3303,2.9984,-4.5082,-7.3344,7.1887,-10.6552,2.5947,-10.2429,-0.1912,-5.5043,-8.6978,-1.9342,1.9587,0.2275,1.2429,0.4284,-0.1012,-0.5202,-0.1769,0.4614,-0.1066,-0.4797,0.0,1
46925.0,-0.4815,1.0595,0.6471,0.9056,0.8194,-0.0912,0.5041,0.1611,-0.7651,-0.5505,1.4803,-0.1054,-0.8048,-0.8199,0.9169,0.2012,0.8749,0.9415,0.2727,-0.0425,0.0706,0.1925,-0.1747,-0.4389,0.2393,-0.2178,-0.0729,0.0105,1.0,1
36967.0,-0.5247,0.9024,1.5518,-0.1874,0.1837,-0.1172,0.5105,0.2256,-0.6448,-0.1851,1.504,0.6796,-0.1565,0.3855,0.4103,0.107,-0.3611,-0.2927,-0.0543,0.0859,-0.1454,-0.3771,0.0095,-0.0042,-0.2969,0.0838,0.2752,0.108,6.23,0
152036.0,-4.3206,3.1999,-5.7997,6.5023,0.3785,-1.9482,-2.1679,-0.7282,-1.9772,-3.4734,4.5692,-9.3212,-1.5925,-14.2668,0.4678,-4.0662,-6.627,-1.4372,-0.2154,-0.2637,0.4767,0.4343,-0.1369,-0.6201,0.6425,0.2807,-2.6491,0.5336,1.0,1
56650.0,-8.7621,2.791,-7.6828,6.9912,-5.2307,-0.3574,-9.6856,1.7493,-4.4957,-7.8645,4.7741,-8.2459,-1.3335,-7.9743,-0.3988,-7.2443,-12.7601,-4.8247,2.837,-0.4604,-0.0905,0.3486,0.0511,-0.4154,0.2197,0.33,-0.0283,-0.1563,7.52,1
111675.0,-1.2105,-1.1861,1.1159,-0.2021,0.2344,-1.0145,0.3384,0.08,0.5331,-0.974,-1.1167,-0.4053,-0.8462,0.1661,0.7477,0.4594,-0.719,0.2804,-0.4062,0.5372,0.0899,-0.4791,0.6921,-0.1329,-0.0751,-0.6105,-0.0903,0.0294,219.0,0
20329.0,1.0984,-0.4431,1.0009,-0.724,-0.7462,0.4847,-0.9333,0.3283,2.8887,-1.3655,2.6021,-1.0831,1.1358,1.6099,0.3793,-0.8488,0.9193,0.0944,-0.0829,-0.2217,-0.0524,0.3386,0.0185,-0.3327,0.2839,-0.6833,0.092,0.0131,11.85,0
132368.0,1.7383,-0.8305,-1.036,-0.0581,0.4804,1.8228,-0.6669,0.5911,0.9217,-0.0594,0.7078,0.974,-0.425,0.1991,0.0469,-0.3469,0.0885,-1.3683,-0.2716,-0.1069,-0.3068,-0.8826,0.4394,-0.9737,-0.8065,0.2194,-0.0206,-0.0546,87.0,0
169142.0,-1.9279,1.1257,-4.5183,1.7493,-1.5665,-2.0105,-0.8828,0.6972,-2.0649,-5.5878,2.1158,-5.4174,-1.2351,-6.6652,0.4017,-2.8978,-4.5705,-1.3151,0.3912,1.253,0.7786,-0.3192,0.6394,-0.2949,0.5375,0.7884,0.2927,0.148,390.0,1
167338.0,-1.3744,2.7932,-4.3466,2.4007,-1.6884,0.1111,-0.922,-2.1499,-2.0275,-4.3908,1.242,-3.9105,-1.2256,-4.698,0.6761,-2.0771,-2.6835,-0.5259,0.4223,0.6502,-0.8708,0.5048,0.138,0.3683,0.1031,-0.4142,0.455,0.0967,349.08,1
43249.0,-0.4973,0.5444,1.721,2.8349,0.7899,2.4257,-0.2392,0.8923,-0.9865,0.5966,1.3554,0.1246,-1.5944,0.4451,0.3037,-1.6533,1.4859,-1.4059,-0.1084,-0.0623,0.236,0.9036,0.0777,-1.0293,-0.8636,0.3317,0.2504,0.1538,18.31,0
70704.0,-0.8403,1.1562,0.0937,1.1026,-1.2552,-0.1039,1.7147,0.0349,-0.5518,-0.3685,-0.8285,0.2882,0.3122,0.3809,0.0443,-0.5925,0.2119,-0.1447,0.6199,0.0336,0.124,0.5593,0.1397,0.4169,-0.3013,-0.3322,0.3108,0.1256,283.91,0
36170.0,-5.685,5.7765,-7.065,5.9027,-4.7156,-1.7556,-6.9587,3.8778,-5.5415,-7.5021,3.6767,-7.643,1.6899,-8.2997,0.647,-6.7928,-12.0759,-4.8822,2.6266,0.2995,1.1286,-0.963,-0.11,-0.1777,-0.0892,-0.0494,0.3034,0.2194,111.7,1
141320.0,-6.3523,-2.3703,-4.8754,2.335,-0.8096,-0.4136,-4.0823,2.2391,-1.9864,-5.1653,2.9429,-4.1257,-0.4331,-3.5181,0.4208,-5.1045,-7.9254,-3.4157,0.7183,0.1869,1.3252,1.2267,-1.4852,-1.4707,-0.2401,0.113,0.9106,-0.6509,195.66,1
97635.0,0.2444,1.2597,-0.6406,-0.1194,1.1997,-1.2549,1.4417,-1.6916,0.7749,-0.3987,0.4285,-2.1144,2.4561,1.8951,-0.3549,-1.3126,0.6999,-0.1906,0.728,-0.1788,0.9085,0.8234,-0.0575,0.0122,-0.876,0.1314,0.0945,0.0338,11.0,0
149582.0,-4.2806,1.4211,-3.9082,2.9429,-0.0762,-2.0025,-2.8742,-0.856,0.9637,-3.2354,3.3418,-7.5629,-1.8474,-11.5714,-1.4816,-6.1809,-9.2852,-3.9217,0.6855,-0.199,-0.1401,-0.9077,-0.6801,-0.3492,0.0563,-1.1499,-1.8099,0.7231,1.1,1
94362.0,-26.4577,16.4975,-30.1773,8.9042,-17.8926,-1.2279,-31.1973,-11.4389,-9.4626,-22.1871,4.42,-10.5923,-0.7038,-3.9262,-2.4002,-6.8099,-12.4623,-5.5011,-0.5679,2.8122,-8.7557,3.4609,0.8965,0.2548,-0.7381,-0.9666,-7.2635,-1.3249,1.0,1
54411.0,1.1493,0.3014,0.3946,0.5713,-0.1649,-0.3758,-0.0357,0.0268,-0.3548,-0.1812,2.1587,1.4607,0.8101,-0.1936,0.5517,0.2899,0.0549,-0.4069,-0.3498,-0.0541,-0.1844,-0.5084,0.1596,0.204,0.1092,0.0912,-0.0061,0.0215,5.49,0
46149.0,-1.3465,2.1324,-1.8544,2.117,-1.0704,-1.0927,-2.231,1.0364,-1.8955,-3.364,2.887,-3.7845,-1.2889,-3.9856,0.5318,-2.6037,-5.1576,-0.696,1.286,0.2219,0.6095,0.2029,-0.0608,-0.1867,-0.0174,-0.2838,0.3955,0.2331,1.0,1
61112.0,-0.8178,0.8596,1.7154,-0.5363,0.4568,-0.932,1.0017,-0.3985,-0.0422,0.1199,1.5756,-0.0549,-1.1888,-0.5108,-0.0669,0.6149,-0.5919,0.2849,-0.5171,0.0513,-0.2591,-0.5272,-0.0999,0.454,-0.4642,-0.1791,-0.2876,-0.2405,3.59,0
91075.0,-1.8551,1.555,-1.4058,0.6693,-0.2802,1.1787,-3.46,-2.8152,1.2422,-4.1564,2.2094,-5.1223,0.6613,-3.1039,-2.4109,-2.425,-3.9606,-0.125,0.6004,0.5369,-0.0953,0.9466,-0.2974,-0.3683,0.1987,-0.0786,0.3667,0.0738,38.76,1
39411.0,1.322,-0.5752,0.3955,-0.5518,-1.1723,-1.0362,-0.4177,-0.2288,-0.8196,0.6646,-0.5088,-0.2348,0.1604,0.1264,0.9942,-1.163,-0.065,0.886,-0.768,-0.4104,-0.4687,-0.9779,0.1134,0.3963,0.0775,0.901,-0.063,0.0171,43.89,0
17187.0,1.0884,0.8985,0.3947,3.1703,0.1757,-0.222,-0.023,-0.0109,0.86,-0.5925,1.0727,-2.5476,1.236,-0.3303,-1.0224,0.3356,2.299,-0.1621,-1.5327,-0.2174,-0.4236,-0.8009,0.0776,0.1676,0.3502,-0.1189,0.0129,0.0543,3.79,1
129588.0,1.9405,-0.8562,-1.3507,-0.7694,1.4285,4.0216,-1.5218,1.1362,1.2201,-0.0076,-0.1018,0.3893,0.0895,-0.1366,1.1813,0.5882,-0.7228,-0.1026,-0.4397,-0.0749,0.0384,0.1289,0.3498,0.7306,-0.5634,0.501,0.0055,-0.0424,19.5,0
155173.0,-0.5415,1.5913,-1.3178,0.9141,1.2125,-0.0695,1.0798,0.4411,-0.9932,-0.684,0.3126,-0.2857,-1.2866,-0.3371,-0.7126,-0.196,1.137,1.1535,0.9947,0.078,0.1045,0.3176,-0.1738,0.0738,0.0849,-0.3932,0.301,0.2074,55.54,0
52187.0,-0.8362,1.1574,1.5322,1.4899,-0.3373,-0.2836,0.226,0.4902,-0.6325,-0.5668,-0.3504,0.2695,-0.5541,0.4696,0.2223,-1.2319,1.0401,-0.7633,0.5853,-0.1223,0.0663,0.2537,-0.1192,0.6253,0.0605,-0.2214,0.0256,0.0393,6.87,0
39921.0,-1.2892,-1.8108,0.8309,-0.5688,1.0751,-0.165,-1.0547,0.1114,-0.962,0.6942,-1.2783,-0.746,1.5178,-0.591,1.5745,0.9594,0.1507,-0.7999,1.5832,0.5202,0.4719,1.1752,0.2051,-1.2485,-0.6136,-0.0177,0.0219,0.486,90.0,0
166028.0,-0.9564,2.3616,-3.1712,1.9708,0.4748,-1.9026,-0.0552,0.2778,-1.7459,-2.5166,0.8741,-2.5131,0.0216,-3.5651,0.4612,-2.0157,-1.7314,-0.4658,0.5276,0.1909,0.4732,0.7194,0.1225,-0.2556,-0.6193,-0.4843,0.6835,0.4433,39.9,1
115691.0,-1.5503,1.0887,-2.3934,1.0087,-1.0876,-1.1046,-2.6705,0.1477,-0.9786,-3.5141,3.586,-4.0534,0.8624,-5.7658,-0.5075,-4.9219,-9.5673,-2.773,1.7171,0.3275,0.8023,1.0371,0.0958,-0.3202,-0.0807,0.091,0.0249,-0.0778,17.06,1
12597.0,-2.5896,7.0167,-13.7054,10.3432,-2.9545,-3.0551,-9.3013,3.3496,-5.6542,-11.8539,11.6692,-17.2287,0.0556,-18.4938,-0.3042,-10.6295,-14.4412,-5.1055,1.2702,1.4889,1.8877,0.334,0.2877,-1.1864,-0.6903,0.6317,1.9342,0.7897,1.0,1
41194.0,-7.8969,5.381,-8.4512,7.9639,-7.8624,-2.3768,-11.9497,5.0514,-6.9121,-11.5897,6.6452,-13.5421,0.8882,-12.6233,1.0028,-12.4323,-23.2416,-8.4953,3.4539,0.646,2.5579,0.9263,0.0328,0.6381,0.3619,0.4446,1.1019,0.206,1.52,1
42330.0,-0.8976,-0.6398,1.718,-1.6406,0.0425,-0.7384,-0.3312,0.1239,-1.415,0.191,0.6381,0.2833,0.4308,-0.0289,-0.2641,-0.6325,-0.7573,1.7937,-0.9889,-0.2233,-0.1722,-0.3493,0.0962,0.0231,-0.419,0.8085,0.016,0.1243,35.9,0
55614.0,-7.348,2.397,-7.5724,5.1778,-2.8548,-1.7952,-8.7832,0.4372,-3.7406,-8.3329,5.7632,-8.7079,-1.7169,-9.5772,0.1464,-7.5865,-12.5039,-4.3756,2.4652,0.0732,-0.1753,0.5433,-0.548,-0.5037,-0.3109,-0.164,1.1979,0.3782,0.83,1
102318.0,-1.0206,1.497,-4.4909,1.8367,0.6273,-2.7356,-1.5463,0.4598,-0.6827,-4.3631,4.287,-5.4038,1.2603,-3.0877,-1.3175,-3.5371,-3.172,-0.5299,1.0116,0.4435,0.7736,0.8606,-0.3047,-0.1555,0.4122,-0.2201,0.3923,-0.0201,22.04,1
137724.0,-0.0697,0.7733,-0.2036,-0.7516,0.3468,-0.957,-0.5031,-2.565,0.5784,-0.3604,-1.298,-0.3728,-1.8125,0.726,-0.514,0.2978,-0.3785,-0.6974,-0.8368,-0.873,2.0165,-1.7095,-0.2377,-0.0774,-0.012,0.0926,0.2457,0.3132,1.98,0
116093.0,-1.2423,2.059,-1.4545,-1.4572,1.0504,-1.4154,1.6275,-0.3372,0.7391,1.2709,-0.9111,-0.4188,-0.7547,0.3548,0.0148,-0.7551,-0.4939,-0.367,-0.2514,0.604,0.0251,0.7524,-0.1804,0.7506,-0.0735,0.0246,0.4577,0.067,0.92,0
149096.0,1.1849,3.1521,-6.1348,5.5313,1.7339,-1.8169,-0.9167,0.2656,-3.158,-3.8902,4.7366,-4.1621,-0.4567,-10.2668,-0.583,0.5135,0.1137,1.4886,-1.8056,0.3364,0.1242,-0.8239,-0.0799,0.0288,0.3897,0.0602,0.4852,0.3266,0.0,1
155662.0,-1.9286,4.6015,-7.1241,5.7161,1.0266,-3.1891,-2.2619,1.1851,-4.4419,-6.6462,3.8279,-6.5186,0.2511,-12.4567,-0.6492,-1.2831,-2.7186,-0.0855,-2.0974,0.3288,0.6023,-0.5413,-0.3546,-0.7015,-0.031,0.0341,0.5734,0.2947,0.77,1
41413.0,-15.1404,7.378,-16.3564,9.1949,-13.4662,-2.9584,-16.1655,10.0753,-7.9018,-13.0094,4.8282,-11.0584,1.9981,-8.592,0.5404,-10.6157,-21.0179,-8.3974,3.1836,-1.6915,3.1474,0.3417,-1.1502,0.7952,-0.1945,0.146,-2.4587,-1.1899,106.55,1
29785.0,0.9238,0.344,-2.88,1.7217,-3.0196,-0.6397,-3.8013,1.2991,0.8641,-2.8953,3.0282,-2.5492,-1.5604,-2.9713,1.0789,-4.702,-4.9081,-1.5089,3.0017,0.1709,0.8999,1.4813,0.7253,0.177,-1.8156,-0.5365,0.489,-0.0497,30.3,1
27699.0,1.2141,-0.458,-0.4335,-0.3648,1.4373,3.8735,-1.1774,1.0366,0.6818,-0.1243,-0.4104,0.1515,0.0818,-0.164,0.8308,0.6549,-0.8331,0.4825,0.1052,0.0692,0.0549,0.129,-0.1096,1.0608,0.5046,0.4804,0.0122,0.0217,26.25,0
76628.0,-0.4661,0.7292,2.557,1.5976,-0.6282,0.2073,0.291,-0.0817,0.2436,0.0651,-0.9153,-0.7787,-1.2183,-0.2677,1.0228,-0.8772,0.4366,0.4935,1.6347,0.1398,0.1004,0.6282,-0.4037,0.4132,0.2736,0.0321,-0.1497,-0.1383,30.39,0
71033.0,-3.1708,0.1857,-3.3999,3.7612,-2.148,-1.5989,-2.5196,1.3162,-2.4001,-4.9934,4.4472,-5.2938,-1.4196,-6.4253,0.9141,-3.5152,-6.3475,-0.9035,1.1916,1.9323,1.0921,-0.0411,0.9044,0.18,0.05,-0.2571,0.8593,0.2259,426.4,1
97235.0,-17.5376,12.3525,-20.1346,11.1228,-14.5711,-0.3816,-23.9287,-4.7249,-8.603,-15.2318,4.4171,-12.8935,-0.1096,-3.5472,-2.1778,-10.4021,-18.372,-8.3141,2.4358,1.9251,-4.3522,2.389,2.0191,0.6272,-1.086,-0.0718,-3.8382,-0.8026,9.82,1
64422.0,1.1902,0.3501,0.4244,0.7154,-0.2995,-0.7775,0.0498,-0.1143,-0.0687,-0.3419,0.5308,0.6914,0.6451,-0.3383,1.2677,0.0679,0.3631,-0.9151,-0.6829,-0.0909,-0.2328,-0.6151,0.193,0.3736,0.1165,0.1022,-0.003,0.0318,1.98,0
85120.0,1.2317,0.3108,0.0804,1.1402,-0.2428,-1.1009,0.3245,-0.2303,0.0284,0.0484,-0.5632,-0.3677,-1.1145,0.6921,0.8961,-0.0302,-0.2951,-0.1714,-0.2794,-0.1947,-0.0345,-0.1341,-0.0919,0.3526,0.6869,-0.3555,-0.0058,0.0165,16.3,0
42472.0,1.1596,0.4036,0.5234,2.4931,0.349,0.8326,-0.0523,0.1032,-0.3449,0.4334,-1.3167,0.691,1.3436,-0.4731,-0.73,-0.0149,-0.2499,-0.8595,-0.6703,-0.0812,-0.0875,0.0286,-0.1763,-0.7162,0.7066,0.1543,0.0314,0.0125,11.71,0
60946.0,-0.7908,-0.1837,2.1913,-1.8218,-1.0337,0.0412,-0.2762,0.2773,-1.0207,0.1343,1.3458,-0.7504,-1.1467,-0.1533,0.1598,1.5469,-0.0366,-0.6343,-0.446,-0.0696,0.5466,1.3804,-0.2264,0.2402,-0.1104,-0.2077,0.0179,0.0706,69.99,0
155535.0,0.7112,2.6171,-4.7224,5.843,-0.6002,-1.6463,-2.7852,0.5404,-3.044,-3.9265,2.7578,-5.4374,0.5469,-8.3966,-0.8107,-3.0143,-6.6425,-2.584,-0.8204,0.461,0.3605,-0.8655,0.14,-0.3362,0.1284,-0.1556,0.7995,0.3922,3.9,1
155554.0,-1.0401,3.1067,-5.409,3.1099,-0.8872,-2.4975,-2.0733,0.6398,-3.0133,-5.9548,3.5864,-5.5171,0.6837,-8.5604,1.8561,-4.8782,-4.336,-1.3772,3.0574,1.0544,0.774,0.2149,-0.1842,-0.2841,0.4935,0.7323,0.6751,0.3371,94.82,1
31054.0,1.459,-1.1442,0.6737,-1.3053,-1.8506,-0.9449,-1.1304,-0.1139,-1.5572,1.44,-0.6339,-1.4903,-0.6875,-0.1324,0.8905,-0.1292,0.4967,0.0692,-0.2388,-0.358,-0.3695,-0.821,0.1747,0.2949,0.0817,-0.4081,0.031,0.031,35.0,0
160665.0,-0.4173,4.7001,-7.5218,7.6719,0.2608,-2.6467,-2.8544,0.9588,-4.5885,-6.1207,4.5485,-7.8363,-0.2427,-13.2025,1.0924,-3.0409,-3.009,-0.16,0.7881,0.832,0.6222,-0.4377,-0.0904,-0.7428,-0.3124,0.5026,0.8214,0.3724,0.77,1
63099.0,1.4398,-1.1324,0.6896,-1.5661,-1.3808,0.1926,-1.4023,0.1321,-1.9285,1.5353,1.2147,0.0816,1.1481,-0.4143,0.3488,-0.1787,0.2469,0.3857,-0.3902,-0.2941,0.003,0.4577,-0.0293,-0.287,0.3028,-0.073,0.0684,0.0114,10.4,0
27784.0,0.288,0.9657,-1.4595,1.9219,-1.9124,-1.1303,-2.8143,0.6487,-0.6953,-3.4657,2.3516,-3.8267,-0.7676,-4.8529,1.6649,-2.6174,-4.8356,-1.9218,-0.3859,0.3309,0.6031,0.3807,-0.0641,0.2714,0.3372,0.6262,0.5651,0.3059,23.36,1
27252.0,-25.9424,14.602,-27.3687,6.3784,-19.104,-4.6848,-18.2614,17.0526,-3.7426,-8.2337,4.6648,-6.5257,0.9238,-6.326,-0.0702,-5.8384,-12.0617,-4.7733,0.853,1.6673,1.7843,-1.9178,-1.2358,0.1611,1.8204,-0.2194,1.3888,0.4068,99.99,1
28242.0,-2.7872,-0.0713,-1.5053,3.3618,-3.3574,0.5658,0.3037,0.9669,-2.2459,-3.6514,0.9873,-3.8348,-0.9614,-3.1822,-1.126,-2.9543,-5.8412,-2.9104,-1.1559,1.6074,0.8829,-0.2462,1.7522,0.2199,0.1563,-0.2659,0.2207,0.2561,730.86,1
58222.0,-1.3228,1.5528,-2.2769,2.9921,-1.9471,-0.4803,-1.3624,0.9532,-2.3296,-3.3936,3.1284,-3.5704,-0.5952,-3.9884,0.9959,-2.8438,-4.8262,-0.7039,2.1522,0.9885,0.615,-0.1952,0.5907,-0.2334,-0.1643,-0.2775,0.4286,0.2464,270.0,1
132086.0,-0.3614,1.1335,-2.9714,-0.2831,0.3715,-0.5747,4.0315,-0.9344,-0.7683,-2.2481,-0.4824,-0.6906,0.1813,-2.3726,-0.0069,0.1464,1.7593,1.083,-0.391,-0.0259,0.1108,0.5639,-0.4084,-0.8801,1.4084,-0.1374,-0.0012,-0.1828,480.72,1
2619.0,1.195,0.204,0.62,0.6486,-0.4627,-0.7127,-0.0173,-0.0813,0.0364,-0.1067,0.278,0.5013,0.1233,0.3099,1.2724,-0.0796,-0.0194,-1.0839,-0.5995,-0.144,-0.21,-0.579,0.2082,0.3918,0.0973,0.1045,-0.0128,0.0186,1.29,0
87959.0,-1.3756,1.3958,-0.2303,-2.8441,0.6943,-0.6252,0.7869,0.4575,0.0399,-0.6717,0.3367,0.8071,-0.0347,0.493,-1.1353,0.6854,-1.0616,-0.1856,-0.4183,0.104,-0.2805,-0.8209,-0.0878,0.2805,0.0841,0.3563,0.3043,0.2152,1.0,0
155516.0,1.9115,0.4501,-0.575,3.9206,0.291,-0.0524,0.1365,-0.1008,-0.6156,1.3808,-1.6367,-0.1925,-0.1513,-0.0036,-1.5134,0.4918,-0.5563,-0.472,-1.2906,-0.3,0.0684,0.3703,0.0603,-0.1154,0.1487,0.104,-0.0279,-0.0514,11.37,0
7740.0,1.0239,2.0015,-4.7698,3.8192,-1.2718,-1.7347,-3.0592,0.8898,0.4154,-3.9558,3.5721,-7.1865,0.1472,-5.2493,1.6783,-2.6415,-1.3121,-0.3917,1.1183,0.2041,0.3433,-0.0542,0.7097,-0.3722,-2.0321,0.3668,0.3952,0.0202,1.0,1
149167.0,-0.0013,0.9381,-0.4127,-0.7674,1.4498,-0.3404,0.9878,-0.0585,-0.5997,-0.8926,0.7312,0.8851,0.8442,-0.9081,-1.1193,0.5172,-0.0716,0.3479,0.2874,-0.0233,-0.1586,-0.4111,0.1012,0.2112,-1.1214,-0.008,0.1882,0.2572,1.98,0
111137.0,2.1037,0.0305,-1.4387,0.3282,0.3505,-0.7318,0.0221,-0.3199,2.1554,-0.45,-0.158,-2.6559,1.0903,2.0232,0.2554,-0.1816,0.1173,0.5578,-0.2768,-0.3029,0.0879,0.6185,-0.0015,0.4181,0.3446,-0.4732,-0.0278,-0.0576,1.0,0
21662.0,-18.0186,10.5586,-24.6677,11.7862,-10.5647,-2.6457,-18.0235,2.6937,-6.2195,-12.7448,9.3181,-13.3779,1.0219,-12.7843,-0.4511,-7.5514,-11.326,-4.7013,0.5163,1.0077,-2.3195,0.9088,1.3529,-1.0592,0.1858,0.687,2.0781,-1.4295,1.0,1
154278.0,-1.6002,-3.4881,-6.4593,3.2468,-1.6146,-1.2604,0.2882,-0.049,-0.735,-4.4415,2.9444,-3.8055,-2.1022,-6.1062,-0.6417,-1.556,-2.0841,0.3942,0.0834,3.1894,1.1912,-0.9671,-1.4634,-0.6242,-0.1765,0.4003,0.1529,0.4778,1504.93,1
37314.0,1.4385,-1.1082,0.7652,-1.1834,-2.0567,-1.3452,-1.0442,-0.1479,-1.5909,1.4622,-0.2427,-1.629,-1.438,0.0933,0.8257,-0.3361,0.7727,-0.1833,-0.3481,-0.4296,-0.4307,-1.0319,0.2864,0.799,-0.0212,-0.5085,0.021,0.0325,30.0,0
119036.0,1.9548,-0.1859,-1.846,0.3106,0.4219,-0.8099,0.4819,-0.3243,0.2778,0.1093,0.6176,1.1464,0.2138,0.6149,-0.7376,-0.5242,-0.5118,0.1854,0.3359,-0.119,0.3536,1.1608,-0.2308,-0.3124,0.5613,0.0517,-0.045,-0.0746,56.89,0
122536.0,1.9676,-0.4776,-0.4313,-0.0455,-0.5247,-0.0298,-0.7287,0.2205,1.1969,-0.024,0.8176,0.6939,-0.9194,0.3187,0.1721,0.4134,-0.6552,0.2741,0.2595,-0.2498,-0.1548,-0.3967,0.4387,0.6512,-0.5613,-0.3304,-0.0012,-0.0425,0.77,0
116572.0,-0.0603,1.0651,-0.9874,-0.0296,0.1764,-1.3485,0.7756,0.1348,-0.1497,-1.2386,-0.8411,-0.5865,-0.7796,-0.4367,0.7479,0.2664,0.7032,0.9167,-0.19,-0.1697,0.3556,0.9076,-0.0185,-0.1263,-0.3399,-0.1503,-0.0236,0.0423,57.0,0
129668.0,0.7534,2.285,-5.1645,3.8311,-0.0736,-1.3166,-1.8555,0.8311,-1.5675,-3.2246,3.3696,-3.4685,-1.3836,-6.0206,0.3096,-2.6178,-1.3108,0.4097,2.3623,0.2858,0.382,0.034,0.1877,0.3584,-0.4889,-0.2588,0.2961,-0.0472,2.0,1
44022.0,0.6477,-2.5039,-0.0607,-1.3123,-1.6197,0.4006,-0.7595,0.083,-1.898,1.3641,0.763,-0.6556,-0.0892,0.0403,0.4867,0.0044,0.2567,0.3598,-0.1796,0.4924,-0.0868,-0.8906,-0.2526,-0.7246,-0.0592,-0.3976,-0.0296,0.0813,435.7,0
32686.0,0.288,1.7287,-1.6522,3.8135,-1.0909,-0.9847,-2.2023,0.5551,-2.0339,-2.7342,2.3684,-3.6568,-0.1695,-4.7444,0.7652,-2.4795,-4.9311,-2.5474,-0.9027,0.2653,0.2622,-0.6335,0.0929,0.1876,0.3687,-0.1325,0.5766,0.3098,0.0,1
152710.0,0.0511,1.3104,0.7332,2.6203,1.4024,0.5285,1.086,-0.1464,-1.7243,1.2802,0.4709,0.4355,0.595,-0.1421,-2.0247,0.8283,-1.2748,0.1343,-1.4894,-0.1259,0.2299,0.7669,-0.1896,0.7669,-0.1414,-0.0773,-0.2976,-0.2218,2.47,1
36081.0,1.3068,-0.5419,0.166,-0.6322,-0.6981,-0.4183,-0.424,-0.0369,-1.0622,0.6973,1.6403,0.444,0.0384,0.0052,-0.7142,0.3613,0.7143,-1.704,0.6644,0.0479,0.2508,0.7646,-0.1326,0.2812,0.6608,-0.0669,0.0031,-0.0057,20.0,0
159825.0,2.0354,-0.2671,-3.4545,-0.67,2.9215,2.9306,0.1502,0.5498,0.2176,0.0023,-0.0846,0.3596,-0.3892,0.8671,0.2175,-0.9608,-0.185,-0.6856,0.0265,-0.14,0.1466,0.4778,-0.0624,0.7527,0.586,-0.0505,-0.039,-0.0761,32.12,0
93904.0,-11.3206,7.192,-13.1791,9.0996,-10.0947,-2.4401,-14.1843,4.4525,-6.242,-12.6182,6.0573,-15.7176,0.1178,-8.6537,-2.5026,-11.2314,-21.5852,-9.0909,1.1712,-0.1809,1.0822,-0.3506,0.483,0.6611,-0.3965,-0.4133,-0.9975,-0.235,37.93,1
149280.0,-1.2859,-0.222,1.696,-1.0217,1.7336,2.348,-0.4505,0.9553,-0.1621,-0.9637,1.1263,0.8655,0.1313,-0.0722,0.5447,-0.7346,0.3227,-1.1033,-1.2747,0.0557,0.3844,1.1191,-0.2885,-0.9961,0.3368,0.8513,0.0455,0.0419,12.6,0
77154.0,-0.7154,0.6086,1.1555,-0.2676,-0.5637,-0.6189,0.6983,0.0698,-0.1333,-1.0253,1.5006,-0.4179,-1.5903,-1.075,0.2882,1.3778,0.2239,1.3111,-0.8961,-0.187,0.1307,0.2394,-0.0902,0.4116,-0.2161,0.3539,-0.0624,0.0084,129.0,1
100409.0,-0.3424,-0.1961,1.2013,-1.3274,-0.7418,-0.5703,-0.5742,-0.2283,0.9584,0.2497,0.1786,-3.3389,2.0527,0.7823,0.079,1.3948,0.5901,-0.5601,0.2587,-0.1657,0.2862,1.0484,0.1286,-0.0542,-1.6891,-0.4813,-0.0633,0.3246,49.83,0
150139.0,-6.6828,-2.7143,-5.7745,1.4498,-0.6618,-1.1486,0.8497,0.4334,-1.3156,-2.7963,-0.4488,-2.5626,0.2435,-1.1817,0.0044,-2.3026,-4.4462,-1.7105,0.9827,-1.9285,0.2205,1.187,0.3358,0.2157,0.8031,0.044,-0.055,0.0823,237.26,1
133184.0,-1.2127,-2.4848,-6.3972,3.6706,-0.8634,-1.8559,1.0177,-0.5447,-1.7034,-3.7397,1.7381,-2.8444,0.7659,-4.7997,-0.0113,-2.6932,-3.167,-1.0678,-0.5591,2.9084,1.3969,0.0921,-1.4929,-0.2042,0.5325,-0.2939,0.2127,0.4311,1335.0,1
122880.0,2.0265,-0.9932,-1.1679,-0.6006,-0.4144,0.1912,-0.7067,0.0699,-0.0034,0.7413,-0.0534,0.3914,-0.1506,0.2442,-0.1844,-1.2825,-0.6528,2.0847,-0.2684,-0.5112,-0.2983,-0.3984,0.1461,0.0228,-0.0769,-0.6921,0.0414,-0.0357,63.0,0
55125.0,-0.3911,-0.2455,1.1221,-1.3087,-0.6399,0.0087,-0.7013,-0.0273,-2.6289,2.0513,0.5759,-0.594,1.0979,-0.3383,0.6175,-0.7564,0.5351,1.0167,2.1338,0.0657,-0.1335,0.1174,-0.1917,-0.4886,-0.3098,0.0081,0.1637,0.2396,15.0,0
