Diabetes_binary,HighBP,HighChol,CholCheck,BMI,Smoker,Stroke,HeartDiseaseorAttack,PhysActivity,Fruits,Veggies,HvyAlcoholConsump,AnyHealthcare,NoDocbcCost,GenHlth,MentHlth,PhysHlth,DiffWalk,Sex,Age
0,1,1,1,25.0,1,0,0,0,0,1,0,1,0,4,11,4,1,1,4
0,0,0,1,38.7,1,0,0,1,1,1,0,1,0,4,1,6,0,0,5
1,1,1,1,27.7,0,0,0,0,1,1,0,1,0,4,2,6,0,1,5
0,0,1,1,21.4,0,0,0,1,0,1,0,1,1,2,0,3,0,0,13
0,1,1,1,30.5,0,0,0,1,1,0,0,1,1,2,5,0,0,0,8
0,0,0,1,18.9,0,0,0,1,0,1,0,1,1,5,0,10,0,1,11
0,0,1,1,36.4,1,0,0,0,0,1,0,1,0,1,17,2,0,0,11
0,1,1,1,25.6,0,0,0,1,0,1,1,1,0,4,4,0,0,0,1
0,0,1,1,27.7,1,0,0,1,1,1,0,1,0,3,1,9,0,1,8
0,1,1,1,23.8,0,0,0,1,0,1,0,1,0,5,3,7,0,1,4
0,1,1,1,32.4,1,0,0,1,1,1,0,0,0,3,2,1,0,0,7
0,1,0,1,28.6,1,0,0,0,1,1,0,1,0,5,4,2,0,0,8
1,1,0,1,31.9,0,0,0,0,1,1,0,1,1,4,5,3,1,0,6
0,0,0,1,24.6,1,0,1,0,0,1,1,1,0,3,3,6,0,0,6
0,1,0,1,45.8,0,0,0,1,0,1,1,1,1,2,0,2,0,0,2
1,0,1,1,25.6,0,1,0,1,0,1,0,1,0,4,3,1,0,1,11
1,1,1,1,29.4,1,0,0,1,0,1,0,1,0,4,3,4,1,1,7
0,0,1,1,30.8,0,0,0,0,0,1,0,1,0,2,3,4,1,1,13
1,0,0,1,40.4,0,0,0,0,1,1,0,1,1,5,1,6,0,0,3
0,0,0,1,18.9,0,0,0,0,0,0,0,1,0,5,1,2,0,1,3
0,1,0,0,26.7,1,0,0,1,0,1,0,1,0,1,2,9,0,0,8
0,1,0,1,41.2,0,1,0,1,1,1,0,0,0,3,4,1,1,1,10
1,1,0,0,31.0,1,0,0,1,0,0,0,0,0,5,2,0,0,0,8
1,0,1,1,21.4,1,0,1,0,0,1,0,1,0,3,4,2,1,0,12
0,0,1,1,31.9,0,0,0,1,1,0,0,1,0,3,3,2,0,1,1
1,0,0,1,40.1,1,0,0,1,1,1,0,1,0,5,4,2,0,0,9
1,1,1,1,35.7,1,1,0,0,0,1,1,1,0,4,2,1,0,1,12
0,0,0,1,36.7,0,0,0,1,0,1,0,1,0,2,0,4,0,0,11
0,1,0,1,28.7,0,0,0,1,1,1,0,0,0,1,0,6,0,1,7
0,1,0,1,35.8,0,0,0,1,1,1,0,1,0,3,0,2,1,0,5
0,0,1,1,44.1,0,0,1,1,0,1,0,1,0,4,2,6,1,0,2
0,0,1,1,31.8,1,0,0,0,1,1,0,1,0,1,2,0,1,0,8
0,0,1,1,39.4,1,1,0,1,0,1,0,1,0,2,9,1,0,1,2
0,1,0,1,21.9,1,0,0,1,1,1,0,1,0,3,1,5,0,1,7
0,1,1,0,29.1,1,0,0,0,0,1,0,1,0,3,6,7,1,0,5
0,1,1,1,22.5,1,0,0,0,1,1,0,0,0,3,1,0,0,0,11
0,0,0,1,21.2,1,0,0,1,1,1,1,1,0,4,1,1,1,0,3
0,1,0,1,27.1,0,0,0,1,1,1,0,1,0,1,4,0,0,1,4
0,1,1,1,38.3,1,0,0,1,1,1,0,1,0,5,6,2,0,0,3
0,0,0,1,22.0,1,0,0,0,1,1,0,1,0,5,5,3,0,0,4
0,1,1,0,18.6,0,0,0,1,0,1,0,1,0,2,3,7,0,1,9
1,1,1,1,29.9,0,0,0,0,1,1,0,1,0,2,1,5,1,0,13
1,0,1,1,22.4,0,0,0,0,0,1,0,1,0,4,4,4,0,1,6
0,1,0,1,33.6,1,0,0,0,1,0,0,1,1,3,6,4,0,0,5
0,0,0,1,31.5,0,0,0,1,1,1,0,1,0,2,1,2,0,1,1
0,0,0,1,37.8,0,0,0,1,1,1,0,1,0,3,0,9,0,0,10
0,1,1,1,31.9,0,0,0,0,0,1,0,1,0,5,5,11,1,0,2
0,0,0,1,14.9,0,0,0,0,1,1,0,1,0,4,2,2,0,0,10
0,1,0,1,28.9,0,0,0,1,1,1,0,1,0,1,6,1,1,1,12
0,1,0,1,30.1,0,0,0,0,0,1,0,1,0,3,4,4,0,1,3
0,0,1,1,30.1,1,1,0,1,1,1,0,0,0,4,9,6,0,1,6
0,0,1,1,26.7,0,0,0,1,1,1,0,1,0,2,4,2,1,1,10
0,0,0,1,28.8,0,0,0,0,1,1,0,1,0,2,1,1,0,1,12
0,0,1,1,22.9,0,0,0,1,1,1,0,1,0,3,0,2,0,0,12
0,1,1,1,25.3,0,0,0,0,1,1,0,1,0,1,2,2,0,0,5
0,0,1,1,25.4,1,0,1,1,1,0,0,1,0,3,1,13,1,1,3
0,1,0,1,29.4,0,0,0,0,0,1,0,1,0,5,3,3,0,0,2
0,0,0,1,27.1,1,0,0,0,1,1,0,0,0,2,0,5,1,1,5
1,0,1,1,37.9,1,0,0,0,1,1,0,1,0,1,16,3,1,1,10
0,1,1,1,18.7,0,0,0,1,1,1,0,1,1,4,4,2,0,1,11
0,0,0,1,26.4,0,0,0,1,1,1,1,1,0,4,1,7,0,1,2
1,1,1,1,32.0,1,0,1,1,1,1,0,1,0,4,4,1,0,0,7
0,0,0,1,30.6,0,0,1,1,1,1,1,1,0,3,5,2,0,1,2
1,0,0,1,31.7,1,1,0,1,1,1,1,1,0,3,2,4,0,0,4
1,1,1,1,25.3,1,0,0,0,0,1,0,1,0,3,6,2,1,0,13
0,1,0,1,31.9,1,0,0,1,1,1,0,1,0,2,3,9,0,0,8
0,1,0,1,26.0,0,0,0,1,1,1,0,1,0,2,5,5,0,1,8
1,1,0,1,33.9,1,1,0,1,1,0,0,1,1,4,2,0,0,1,6
0,0,0,1,31.9,1,0,0,1,0,1,0,1,0,5,2,7,0,0,3
0,0,1,1,23.7,0,0,0,1,1,0,0,1,0,5,0,4,1,1,4
0,0,1,1,24.2,0,1,0,0,1,1,0,1,0,4,2,0,0,1,3
0,1,0,1,32.8,0,0,0,0,1,1,0,1,0,1,4,5,0,0,9
1,1,1,1,31.0,1,0,0,1,1,1,0,1,0,4,2,2,0,1,8
0,0,1,1,32.6,0,0,0,1,1,1,0,0,0,4,4,4,0,1,12
0,0,0,1,32.2,1,0,0,0,1,1,0,1,0,2,3,2,1,0,10
0,1,0,1,28.3,0,0,0,0,1,1,0,1,0,5,2,2,0,1,8
0,0,0,1,21.4,1,0,1,1,0,1,0,1,0,1,4,0,0,1,7
0,0,0,1,31.2,0,0,1,1,1,1,0,1,0,2,1,5,0,0,6
1,1,1,1,32.2,0,0,1,1,1,1,0,1,0,5,3,1,0,0,13
1,1,1,1,23.7,1,0,0,0,1,1,0,1,0,5,8,2,0,1,13
0,0,1,1,27.4,1,0,0,0,1,1,1,1,0,4,0,1,0,1,3
0,0,0,1,31.7,0,0,0,1,1,1,1,1,0,4,0,2,0,0,3
0,0,0,1,23.5,1,0,0,0,1,1,0,1,0,1,1,6,0,1,12
1,1,0,1,26.3,0,0,0,1,0,1,0,0,0,5,5,6,0,1,3
0,1,0,1,30.9,0,0,0,0,0,1,0,1,0,1,3,2,0,1,5
1,1,1,1,28.8,1,0,0,0,1,1,0,1,0,3,3,1,1,1,11
1,1,0,1,12.5,1,0,0,1,0,1,0,1,0,5,0,7,1,1,13
0,1,0,1,25.3,1,0,0,1,0,1,0,1,0,4,2,5,0,1,7
1,1,1,1,28.4,1,0,0,1,1,0,0,1,0,2,7,3,1,0,2
0,0,0,1,28.1,0,0,0,1,1,1,0,1,0,2,5,0,0,1,3
0,1,1,1,27.8,0,0,0,1,0,1,0,1,0,4,0,2,1,1,13
1,0,1,1,34.3,0,0,0,0,1,1,0,1,0,3,4,6,0,0,3
0,0,0,1,23.1,0,0,0,0,0,1,0,1,0,2,0,10,0,0,8
0,0,0,1,27.9,1,0,0,1,1,1,0,0,0,5,10,1,1,1,7
0,1,0,1,26.8,1,0,0,1,1,0,0,1,0,1,0,3,0,1,5
0,0,0,1,32.9,0,0,0,1,1,0,0,1,0,3,9,7,0,1,4
0,1,1,1,32.8,1,0,0,0,0,1,0,1,0,4,2,6,0,0,10
1,1,0,1,32.3,1,0,0,1,1,1,1,1,0,3,2,8,0,0,10
0,1,1,1,25.0,0,0,0,1,1,1,0,1,0,5,2,6,0,0,5
1,0,1,1,34.4,0,0,0,0,1,1,0,1,1,4,0,2,0,0,9
1,1,0,1,21.8,1,0,0,0,1,1,0,1,1,2,0,4,0,1,9
1,1,1,1,19.1,1,0,0,0,1,1,0,1,0,1,1,3,0,0,10
1,1,0,1,28.6,1,0,0,1,1,1,0,1,0,5,6,0,0,1,13
0,1,0,1,38.0,1,0,1,1,1,1,1,1,0,4,1,0,0,1,5
1,1,0,1,20.0,0,0,0,1,0,1,0,1,0,5,3,1,0,0,13
1,1,1,1,30.8,0,1,1,0,1,1,0,1,0,1,5,3,0,0,11
0,0,1,1,30.4,1,0,0,0,0,1,1,1,1,5,2,7,1,0,10
0,1,1,1,30.6,1,0,0,1,1,1,0,1,0,2,0,4,0,0,13
0,1,0,1,29.0,0,0,1,1,1,1,0,1,0,4,8,2,0,0,11
0,0,1,1,33.4,1,0,0,0,0,1,0,1,1,3,5,10,1,1,11
0,0,0,1,24.3,0,0,0,1,1,0,0,1,0,1,4,0,1,0,5
0,0,0,1,20.3,1,0,0,1,1,1,0,1,1,3,2,0,0,1,7
0,1,0,1,14.1,0,0,0,0,1,0,0,1,0,5,4,3,0,1,8
0,0,0,0,25.4,1,0,1,0,0,1,0,1,1,5,9,0,0,1,9
0,0,1,1,29.0,0,0,0,1,0,1,0,1,0,4,0,0,0,1,9
0,1,1,1,19.8,1,0,0,1,1,1,0,0,0,3,5,1,0,0,8
0,0,0,1,24.2,0,0,0,0,1,0,0,1,1,3,5,2,0,1,8
0,1,0,1,21.9,0,0,0,1,0,1,0,1,0,1,7,3,0,1,3
0,1,0,1,25.6,1,0,0,0,1,1,0,1,0,5,2,9,0,1,2
0,0,0,1,18.4,1,0,0,1,0,1,0,0,1,1,5,10,0,1,10
0,1,1,1,33.8,1,0,1,1,0,1,0,1,0,4,1,2,1,1,12
0,0,0,0,24.1,0,0,0,0,1,1,0,0,0,2,13,2,0,1,11
0,0,0,1,24.8,1,1,0,1,0,0,0,1,0,5,5,5,0,0,12
0,0,0,1,27.0,0,0,0,1,0,0,0,1,0,5,9,2,1,1,13
1,1,1,1,22.0,1,0,1,1,0,1,0,0,0,4,2,3,0,0,10
0,0,0,1,24.2,1,0,0,1,0,1,1,0,1,5,0,3,0,1,5
0,1,0,1,26.5,1,1,0,1,1,1,0,1,0,3,2,2,0,1,13
0,0,1,1,23.6,0,0,0,1,1,0,0,1,0,4,12,5,0,0,10
1,1,1,1,28.9,1,0,0,0,1,0,0,1,0,4,2,12,1,1,10
1,0,0,1,30.8,0,0,0,0,0,0,0,0,0,5,1,0,0,0,10
0,0,0,1,29.0,0,0,0,0,1,0,0,1,0,4,2,5,0,1,5
0,0,0,1,18.3,0,0,0,1,0,0,0,0,0,3,8,0,0,1,5
0,1,1,1,25.4,0,0,0,0,1,1,0,1,0,1,6,2,0,0,5
0,1,1,1,14.6,1,0,0,1,1,1,0,1,0,5,4,2,0,1,13
0,0,0,1,29.9,0,0,0,1,0,1,0,1,1,4,4,3,0,1,8
1,1,1,1,30.1,0,0,0,0,0,1,1,1,0,3,3,3,0,1,9
0,0,0,1,21.5,1,1,0,1,0,1,0,0,0,5,2,4,1,0,6
0,0,1,1,31.0,0,0,0,1,1,0,0,1,0,5,13,1,0,1,5
0,0,0,1,26.8,1,0,0,0,0,0,0,1,0,5,0,1,0,1,13
0,1,0,1,26.8,0,0,0,1,1,1,0,1,0,3,2,5,0,1,7
0,0,1,1,28.2,1,0,0,0,0,1,0,1,0,3,4,9,0,1,4
0,0,0,1,31.5,0,0,0,0,1,1,0,1,0,2,6,3,0,1,1
0,1,0,1,30.9,1,0,0,1,0,1,0,0,1,5,3,3,0,1,9
0,0,0,1,31.8,0,0,0,1,0,1,0,1,0,4,1,4,0,1,13
0,1,1,1,31.2,0,0,0,1,0,1,0,1,0,2,2,4,1,1,4
0,0,0,1,25.0,0,0,1,1,1,0,0,1,0,5,4,4,0,1,12
0,0,0,1,36.4,0,0,0,1,1,1,0,1,0,1,6,3,1,0,1
0,1,0,1,32.3,0,0,0,1,0,1,0,1,1,2,0,6,0,0,12
0,1,0,1,30.2,0,0,0,1,0,1,0,1,0,4,2,0,0,0,1
0,1,0,1,16.9,0,0,0,1,1,1,0,0,0,2,3,1,0,0,5
0,1,0,0,22.4,0,0,0,0,1,1,0,1,1,2,1,3,0,0,7
1,1,1,1,35.0,1,0,0,1,0,1,0,0,0,3,3,2,0,1,13
1,0,0,1,29.9,1,0,0,0,0,1,0,0,0,2,5,8,0,1,12
0,1,0,1,34.0,0,0,0,0,1,1,0,1,0,2,13,4,0,1,9
0,1,1,1,30.5,1,0,0,1,1,1,0,1,0,5,4,5,0,0,10
0,0,0,1,33.2,1,1,0,1,1,1,0,0,0,5,1,0,0,1,3
0,0,0,1,19.7,1,0,0,1,1,1,0,1,0,4,0,10,0,1,4
0,0,0,1,29.7,1,0,0,1,1,1,0,0,0,5,0,5,0,1,6
0,0,0,1,35.5,0,0,0,1,0,1,0,1,0,4,2,2,0,0,7
0,1,0,1,34.2,1,0,0,1,1,1,0,1,1,4,7,0,0,1,13
0,0,1,1,28.3,0,0,1,0,0,0,0,1,0,5,3,5,0,1,12
0,1,0,1,21.9,1,0,0,0,1,1,0,1,0,1,4,0,1,0,8
0,0,0,1,24.2,1,0,1,1,0,0,0,1,0,2,1,4,0,1,9
0,0,1,1,40.0,1,0,0,1,0,1,0,1,0,5,4,3,0,1,8
0,0,1,1,34.0,0,0,0,1,1,0,0,1,0,2,7,3,0,1,4
1,1,1,0,22.5,1,0,1,1,0,1,0,1,0,4,3,1,0,1,4
0,1,0,1,33.4,0,0,0,1,1,1,0,0,0,4,0,5,0,1,7
0,1,0,1,29.9,0,0,0,1,1,1,0,0,0,4,3,3,0,0,10
0,0,1,1,32.2,0,0,0,0,0,1,0,1,0,5,9,3,1,0,9
0,0,1,1,32.1,1,0,0,1,1,1,0,1,0,3,5,0,0,0,5
0,0,0,1,28.9,1,1,0,1,0,1,0,1,0,3,2,2,0,0,2
0,1,0,0,38.8,1,0,0,0,0,1,0,1,0,5,5,3,0,1,7
0,0,1,1,33.6,0,0,0,0,0,1,0,1,0,2,1,4,0,1,2
1,1,0,1,34.4,1,0,0,1,1,1,0,1,0,5,10,1,0,1,3
0,1,0,1,33.1,1,0,0,0,1,1,0,1,0,2,6,4,0,0,6
0,0,1,1,33.6,0,0,0,1,1,1,0,1,1,3,1,6,0,0,3
0,0,0,1,22.8,1,0,0,0,1,1,0,1,0,3,4,1,0,1,5
0,0,0,0,27.0,1,0,0,1,0,1,1,1,0,1,1,4,1,0,2
0,1,0,1,24.3,1,0,0,1,1,1,0,1,0,1,3,0,1,1,2
0,0,1,1,19.1,1,0,0,1,1,1,0,1,0,1,3,1,0,0,10
0,1,0,1,28.8,1,0,0,1,1,1,0,1,0,1,0,0,0,1,6
1,1,0,1,30.2,1,0,0,0,0,1,1,1,0,4,0,5,0,1,13
0,1,0,1,30.9,1,1,0,0,1,1,0,1,0,1,2,4,0,1,4
1,1,0,1,27.8,0,0,1,0,1,1,0,1,0,4,1,15,1,0,11
0,1,0,1,25.4,0,0,1,1,0,1,0,1,0,3,3,4,0,1,3
0,0,0,1,27.0,0,0,0,1,1,1,0,1,0,5,3,2,1,0,11
1,1,1,1,31.0,0,0,0,1,0,1,0,1,1,3,1,1,0,0,13
0,0,0,1,34.7,0,0,0,1,1,1,0,1,0,4,5,1,0,1,7
0,0,0,1,31.9,0,0,0,1,0,1,0,1,0,4,3,6,0,1,8
0,1,0,1,25.4,1,0,1,1,1,1,0,1,1,4,10,12,1,1,9
0,1,0,1,21.5,0,1,0,1,0,1,0,1,0,4,4,1,0,1,2
1,1,1,1,28.3,0,0,0,0,1,1,0,1,0,3,2,0,0,1,12
0,1,1,1,24.2,1,0,0,1,1,1,0,1,0,3,9,1,0,0,2
0,0,0,1,26.3,1,0,0,1,1,1,0,0,0,5,1,1,0,0,4
0,0,1,1,19.1,0,0,0,0,1,0,0,1,1,3,0,2,0,0,10
0,0,0,1,18.3,1,0,0,1,1,1,0,1,0,4,0,2,0,1,11
0,1,0,1,14.5,0,0,0,1,1,1,0,1,0,1,2,2,0,0,1
0,1,0,1,32.7,0,0,0,1,1,0,0,1,0,2,1,5,0,1,13
1,1,0,1,23.8,1,0,0,0,1,0,0,1,0,5,3,6,0,1,2
0,0,0,1,31.9,1,0,0,1,0,1,0,1,0,5,6,0,0,0,2
